[2026-07-11 12:51:18,093][root][INFO] - Initializing logger...
[2026-07-11 12:51:18,096][root][INFO] - Initializing data loaders...
[2026-07-11 12:51:18,959][root][INFO] - Initializing model...
[2026-07-11 12:51:19,445][root][INFO] - Number of encoder parameters = 7.20m
[2026-07-11 12:51:19,455][root][INFO] - Number of decoder parameters = 7.63m
[2026-07-11 12:51:19,985][root][INFO] - Initializing optimizer...
[2026-07-11 12:51:20,660][root][INFO] - Start training...
[2026-07-11 12:52:53,412][root][INFO] - Epoch 1: duration loss = 0.289 | prior loss = 1.206 | diffusion loss = 8.504

[2026-07-11 12:54:25,881][root][INFO] - Epoch 2: duration loss = 0.290 | prior loss = 1.206 | diffusion loss = 3.370

[2026-07-11 12:55:58,280][root][INFO] - Epoch 3: duration loss = 0.290 | prior loss = 1.206 | diffusion loss = 1.165

[2026-07-11 12:57:30,276][root][INFO] - Epoch 4: duration loss = 0.289 | prior loss = 1.206 | diffusion loss = 0.766

[2026-07-11 12:59:02,440][root][INFO] - Epoch 5: duration loss = 0.290 | prior loss = 1.206 | diffusion loss = 0.724

[2026-07-11 13:00:34,473][root][INFO] - Epoch 6: duration loss = 0.289 | prior loss = 1.206 | diffusion loss = 0.708

[2026-07-11 13:02:07,015][root][INFO] - Epoch 7: duration loss = 0.290 | prior loss = 1.206 | diffusion loss = 0.690

[2026-07-11 13:03:39,831][root][INFO] - Epoch 8: duration loss = 0.289 | prior loss = 1.206 | diffusion loss = 0.679

[2026-07-11 13:05:11,781][root][INFO] - Epoch 9: duration loss = 0.289 | prior loss = 1.206 | diffusion loss = 0.676

[2026-07-11 13:06:43,925][root][INFO] - Epoch 10: duration loss = 0.289 | prior loss = 1.206 | diffusion loss = 0.673

[2026-07-11 13:08:16,117][root][INFO] - Epoch 11: duration loss = 0.289 | prior loss = 1.206 | diffusion loss = 0.664

[2026-07-11 13:09:48,161][root][INFO] - Epoch 12: duration loss = 0.289 | prior loss = 1.206 | diffusion loss = 0.660

[2026-07-11 13:11:21,087][root][INFO] - Epoch 13: duration loss = 0.290 | prior loss = 1.206 | diffusion loss = 0.659

[2026-07-11 13:12:53,530][root][INFO] - Epoch 14: duration loss = 0.290 | prior loss = 1.206 | diffusion loss = 0.654

[2026-07-11 13:14:25,763][root][INFO] - Epoch 15: duration loss = 0.289 | prior loss = 1.206 | diffusion loss = 0.652

[2026-07-11 13:15:58,626][root][INFO] - Epoch 16: duration loss = 0.289 | prior loss = 1.206 | diffusion loss = 0.651

[2026-07-11 13:17:31,367][root][INFO] - Epoch 17: duration loss = 0.289 | prior loss = 1.205 | diffusion loss = 0.644

[2026-07-11 13:19:04,159][root][INFO] - Epoch 18: duration loss = 0.289 | prior loss = 1.206 | diffusion loss = 0.645

[2026-07-11 13:20:37,120][root][INFO] - Epoch 19: duration loss = 0.289 | prior loss = 1.206 | diffusion loss = 0.643

[2026-07-11 13:22:10,342][root][INFO] - Epoch 20: duration loss = 0.290 | prior loss = 1.206 | diffusion loss = 0.641

[2026-07-11 13:23:43,000][root][INFO] - Epoch 21: duration loss = 0.289 | prior loss = 1.206 | diffusion loss = 0.637

[2026-07-11 13:25:15,666][root][INFO] - Epoch 22: duration loss = 0.290 | prior loss = 1.206 | diffusion loss = 0.638

[2026-07-11 13:26:48,263][root][INFO] - Epoch 23: duration loss = 0.289 | prior loss = 1.206 | diffusion loss = 0.634

[2026-07-11 13:28:21,140][root][INFO] - Epoch 24: duration loss = 0.289 | prior loss = 1.206 | diffusion loss = 0.633

[2026-07-11 13:29:53,802][root][INFO] - Epoch 25: duration loss = 0.289 | prior loss = 1.206 | diffusion loss = 0.634

[2026-07-11 13:31:25,847][root][INFO] - Epoch 26: duration loss = 0.289 | prior loss = 1.205 | diffusion loss = 0.634

[2026-07-11 13:32:58,144][root][INFO] - Epoch 27: duration loss = 0.290 | prior loss = 1.206 | diffusion loss = 0.629

[2026-07-11 13:34:30,606][root][INFO] - Epoch 28: duration loss = 0.289 | prior loss = 1.206 | diffusion loss = 0.629

[2026-07-11 13:36:03,415][root][INFO] - Epoch 29: duration loss = 0.289 | prior loss = 1.206 | diffusion loss = 0.629

[2026-07-11 13:37:36,052][root][INFO] - Epoch 30: duration loss = 0.289 | prior loss = 1.206 | diffusion loss = 0.628

[2026-07-11 13:39:08,978][root][INFO] - Epoch 31: duration loss = 0.290 | prior loss = 1.206 | diffusion loss = 0.628

[2026-07-11 13:40:41,362][root][INFO] - Epoch 32: duration loss = 0.289 | prior loss = 1.206 | diffusion loss = 0.623

[2026-07-11 13:42:13,826][root][INFO] - Epoch 33: duration loss = 0.289 | prior loss = 1.206 | diffusion loss = 0.621

[2026-07-11 13:43:46,916][root][INFO] - Epoch 34: duration loss = 0.289 | prior loss = 1.206 | diffusion loss = 0.623

[2026-07-11 13:45:19,609][root][INFO] - Epoch 35: duration loss = 0.290 | prior loss = 1.206 | diffusion loss = 0.623

[2026-07-11 13:46:51,760][root][INFO] - Epoch 36: duration loss = 0.289 | prior loss = 1.206 | diffusion loss = 0.622

[2026-07-11 13:48:24,674][root][INFO] - Epoch 37: duration loss = 0.289 | prior loss = 1.206 | diffusion loss = 0.620

[2026-07-11 13:49:57,662][root][INFO] - Epoch 38: duration loss = 0.290 | prior loss = 1.206 | diffusion loss = 0.622

[2026-07-11 13:51:30,314][root][INFO] - Epoch 39: duration loss = 0.289 | prior loss = 1.206 | diffusion loss = 0.620

[2026-07-11 13:53:03,275][root][INFO] - Epoch 40: duration loss = 0.290 | prior loss = 1.206 | diffusion loss = 0.617

[2026-07-11 13:54:35,993][root][INFO] - Epoch 41: duration loss = 0.289 | prior loss = 1.206 | diffusion loss = 0.616

[2026-07-11 13:56:08,688][root][INFO] - Epoch 42: duration loss = 0.289 | prior loss = 1.206 | diffusion loss = 0.618

[2026-07-11 13:57:41,776][root][INFO] - Epoch 43: duration loss = 0.289 | prior loss = 1.206 | diffusion loss = 0.613

[2026-07-11 13:59:14,310][root][INFO] - Epoch 44: duration loss = 0.289 | prior loss = 1.206 | diffusion loss = 0.616

[2026-07-11 14:00:46,940][root][INFO] - Epoch 45: duration loss = 0.290 | prior loss = 1.206 | diffusion loss = 0.615

[2026-07-11 14:02:19,991][root][INFO] - Epoch 46: duration loss = 0.290 | prior loss = 1.206 | diffusion loss = 0.614

[2026-07-11 14:03:52,581][root][INFO] - Epoch 47: duration loss = 0.290 | prior loss = 1.206 | diffusion loss = 0.614

[2026-07-11 14:05:25,045][root][INFO] - Epoch 48: duration loss = 0.290 | prior loss = 1.206 | diffusion loss = 0.613

[2026-07-11 14:06:57,544][root][INFO] - Epoch 49: duration loss = 0.289 | prior loss = 1.206 | diffusion loss = 0.612

[2026-07-11 14:08:30,146][root][INFO] - Epoch 50: duration loss = 0.289 | prior loss = 1.206 | diffusion loss = 0.614

[2026-07-11 14:10:03,025][root][INFO] - Epoch 51: duration loss = 0.289 | prior loss = 1.206 | diffusion loss = 0.609

[2026-07-11 14:11:36,044][root][INFO] - Epoch 52: duration loss = 0.289 | prior loss = 1.206 | diffusion loss = 0.609

[2026-07-11 14:13:09,175][root][INFO] - Epoch 53: duration loss = 0.290 | prior loss = 1.206 | diffusion loss = 0.607

[2026-07-11 14:14:41,021][root][INFO] - Epoch 54: duration loss = 0.290 | prior loss = 1.206 | diffusion loss = 0.608

[2026-07-11 14:16:13,512][root][INFO] - Epoch 55: duration loss = 0.289 | prior loss = 1.206 | diffusion loss = 0.608

[2026-07-11 14:17:46,723][root][INFO] - Epoch 56: duration loss = 0.290 | prior loss = 1.206 | diffusion loss = 0.606

[2026-07-11 14:19:19,062][root][INFO] - Epoch 57: duration loss = 0.290 | prior loss = 1.206 | diffusion loss = 0.608

[2026-07-11 14:20:52,050][root][INFO] - Epoch 58: duration loss = 0.289 | prior loss = 1.206 | diffusion loss = 0.608

[2026-07-11 14:22:25,334][root][INFO] - Epoch 59: duration loss = 0.290 | prior loss = 1.206 | diffusion loss = 0.605

[2026-07-11 14:23:57,450][root][INFO] - Epoch 60: duration loss = 0.289 | prior loss = 1.206 | diffusion loss = 0.609

[2026-07-11 14:25:30,744][root][INFO] - Epoch 61: duration loss = 0.289 | prior loss = 1.206 | diffusion loss = 0.606

[2026-07-11 14:27:03,356][root][INFO] - Epoch 62: duration loss = 0.289 | prior loss = 1.206 | diffusion loss = 0.605

[2026-07-11 14:28:36,580][root][INFO] - Epoch 63: duration loss = 0.289 | prior loss = 1.206 | diffusion loss = 0.608

[2026-07-11 14:30:09,942][root][INFO] - Epoch 64: duration loss = 0.289 | prior loss = 1.206 | diffusion loss = 0.607

[2026-07-11 14:31:43,112][root][INFO] - Epoch 65: duration loss = 0.289 | prior loss = 1.206 | diffusion loss = 0.606

[2026-07-11 14:33:16,120][root][INFO] - Epoch 66: duration loss = 0.289 | prior loss = 1.206 | diffusion loss = 0.602

[2026-07-11 14:34:49,462][root][INFO] - Epoch 67: duration loss = 0.290 | prior loss = 1.206 | diffusion loss = 0.603

[2026-07-11 14:36:22,208][root][INFO] - Epoch 68: duration loss = 0.289 | prior loss = 1.206 | diffusion loss = 0.605

[2026-07-11 14:37:54,834][root][INFO] - Epoch 69: duration loss = 0.289 | prior loss = 1.206 | diffusion loss = 0.605

[2026-07-11 14:39:27,760][root][INFO] - Epoch 70: duration loss = 0.289 | prior loss = 1.206 | diffusion loss = 0.603

[2026-07-11 14:41:00,758][root][INFO] - Epoch 71: duration loss = 0.290 | prior loss = 1.206 | diffusion loss = 0.603

[2026-07-11 14:42:33,993][root][INFO] - Epoch 72: duration loss = 0.289 | prior loss = 1.206 | diffusion loss = 0.602

[2026-07-11 14:44:06,249][root][INFO] - Epoch 73: duration loss = 0.289 | prior loss = 1.206 | diffusion loss = 0.600

[2026-07-11 14:45:38,476][root][INFO] - Epoch 74: duration loss = 0.290 | prior loss = 1.206 | diffusion loss = 0.601

[2026-07-11 14:47:11,330][root][INFO] - Epoch 75: duration loss = 0.289 | prior loss = 1.206 | diffusion loss = 0.599

[2026-07-11 14:48:43,272][root][INFO] - Epoch 76: duration loss = 0.290 | prior loss = 1.206 | diffusion loss = 0.601

[2026-07-11 14:50:15,895][root][INFO] - Epoch 77: duration loss = 0.290 | prior loss = 1.206 | diffusion loss = 0.599

[2026-07-11 14:51:48,271][root][INFO] - Epoch 78: duration loss = 0.289 | prior loss = 1.206 | diffusion loss = 0.599

[2026-07-11 14:53:20,362][root][INFO] - Epoch 79: duration loss = 0.289 | prior loss = 1.206 | diffusion loss = 0.601

[2026-07-11 14:54:53,157][root][INFO] - Epoch 80: duration loss = 0.290 | prior loss = 1.206 | diffusion loss = 0.599

[2026-07-11 14:56:25,628][root][INFO] - Epoch 81: duration loss = 0.289 | prior loss = 1.206 | diffusion loss = 0.597

[2026-07-11 14:57:57,998][root][INFO] - Epoch 82: duration loss = 0.290 | prior loss = 1.206 | diffusion loss = 0.599

[2026-07-11 14:59:30,749][root][INFO] - Epoch 83: duration loss = 0.290 | prior loss = 1.206 | diffusion loss = 0.601

[2026-07-11 15:01:03,506][root][INFO] - Epoch 84: duration loss = 0.289 | prior loss = 1.206 | diffusion loss = 0.600

[2026-07-11 15:02:36,460][root][INFO] - Epoch 85: duration loss = 0.290 | prior loss = 1.206 | diffusion loss = 0.596

[2026-07-11 15:04:09,342][root][INFO] - Epoch 86: duration loss = 0.289 | prior loss = 1.206 | diffusion loss = 0.597

[2026-07-11 15:05:41,814][root][INFO] - Epoch 87: duration loss = 0.290 | prior loss = 1.206 | diffusion loss = 0.593

[2026-07-11 15:07:14,376][root][INFO] - Epoch 88: duration loss = 0.289 | prior loss = 1.206 | diffusion loss = 0.597

[2026-07-11 15:08:47,234][root][INFO] - Epoch 89: duration loss = 0.289 | prior loss = 1.206 | diffusion loss = 0.594

[2026-07-11 15:10:19,152][root][INFO] - Epoch 90: duration loss = 0.289 | prior loss = 1.206 | diffusion loss = 0.596

[2026-07-11 15:11:51,061][root][INFO] - Epoch 91: duration loss = 0.290 | prior loss = 1.206 | diffusion loss = 0.596

[2026-07-11 15:13:23,106][root][INFO] - Epoch 92: duration loss = 0.290 | prior loss = 1.206 | diffusion loss = 0.596

[2026-07-11 15:14:55,736][root][INFO] - Epoch 93: duration loss = 0.289 | prior loss = 1.206 | diffusion loss = 0.595

[2026-07-11 15:16:27,855][root][INFO] - Epoch 94: duration loss = 0.289 | prior loss = 1.206 | diffusion loss = 0.595

[2026-07-11 15:18:00,477][root][INFO] - Epoch 95: duration loss = 0.290 | prior loss = 1.206 | diffusion loss = 0.593

[2026-07-11 15:19:32,930][root][INFO] - Epoch 96: duration loss = 0.290 | prior loss = 1.206 | diffusion loss = 0.593

[2026-07-11 15:21:05,902][root][INFO] - Epoch 97: duration loss = 0.290 | prior loss = 1.206 | diffusion loss = 0.597

[2026-07-11 15:22:38,167][root][INFO] - Epoch 98: duration loss = 0.289 | prior loss = 1.206 | diffusion loss = 0.593

[2026-07-11 15:24:10,306][root][INFO] - Epoch 99: duration loss = 0.290 | prior loss = 1.207 | diffusion loss = 0.593

[2026-07-11 15:25:42,494][root][INFO] - Epoch 100: duration loss = 0.290 | prior loss = 1.206 | diffusion loss = 0.592

[2026-07-11 15:27:14,481][root][INFO] - Epoch 101: duration loss = 0.289 | prior loss = 1.206 | diffusion loss = 0.590

[2026-07-11 15:28:46,251][root][INFO] - Epoch 102: duration loss = 0.290 | prior loss = 1.206 | diffusion loss = 0.591

[2026-07-11 15:30:18,769][root][INFO] - Epoch 103: duration loss = 0.289 | prior loss = 1.206 | diffusion loss = 0.592

[2026-07-11 15:31:51,594][root][INFO] - Epoch 104: duration loss = 0.289 | prior loss = 1.206 | diffusion loss = 0.593

[2026-07-11 15:33:24,290][root][INFO] - Epoch 105: duration loss = 0.289 | prior loss = 1.206 | diffusion loss = 0.594

[2026-07-11 15:34:57,473][root][INFO] - Epoch 106: duration loss = 0.290 | prior loss = 1.206 | diffusion loss = 0.594

[2026-07-11 15:36:29,717][root][INFO] - Epoch 107: duration loss = 0.289 | prior loss = 1.206 | diffusion loss = 0.592

[2026-07-11 15:38:02,183][root][INFO] - Epoch 108: duration loss = 0.289 | prior loss = 1.206 | diffusion loss = 0.594

[2026-07-11 15:39:34,923][root][INFO] - Epoch 109: duration loss = 0.289 | prior loss = 1.206 | diffusion loss = 0.594

[2026-07-11 15:41:07,491][root][INFO] - Epoch 110: duration loss = 0.289 | prior loss = 1.206 | diffusion loss = 0.593

[2026-07-11 15:42:39,709][root][INFO] - Epoch 111: duration loss = 0.289 | prior loss = 1.206 | diffusion loss = 0.588

[2026-07-11 15:44:12,555][root][INFO] - Epoch 112: duration loss = 0.289 | prior loss = 1.206 | diffusion loss = 0.589

[2026-07-11 15:45:45,027][root][INFO] - Epoch 113: duration loss = 0.289 | prior loss = 1.206 | diffusion loss = 0.594

[2026-07-11 15:47:17,704][root][INFO] - Epoch 114: duration loss = 0.289 | prior loss = 1.206 | diffusion loss = 0.587

[2026-07-11 15:48:49,358][root][INFO] - Epoch 115: duration loss = 0.289 | prior loss = 1.206 | diffusion loss = 0.586

[2026-07-11 15:50:22,409][root][INFO] - Epoch 116: duration loss = 0.289 | prior loss = 1.206 | diffusion loss = 0.593

[2026-07-11 15:51:54,875][root][INFO] - Epoch 117: duration loss = 0.289 | prior loss = 1.206 | diffusion loss = 0.587

[2026-07-11 15:53:27,419][root][INFO] - Epoch 118: duration loss = 0.290 | prior loss = 1.206 | diffusion loss = 0.588

[2026-07-11 15:54:59,964][root][INFO] - Epoch 119: duration loss = 0.289 | prior loss = 1.206 | diffusion loss = 0.590

[2026-07-11 15:56:32,548][root][INFO] - Epoch 120: duration loss = 0.290 | prior loss = 1.206 | diffusion loss = 0.590

[2026-07-11 15:58:05,407][root][INFO] - Epoch 121: duration loss = 0.290 | prior loss = 1.206 | diffusion loss = 0.588

[2026-07-11 15:59:37,341][root][INFO] - Epoch 122: duration loss = 0.289 | prior loss = 1.206 | diffusion loss = 0.585

[2026-07-11 16:01:10,366][root][INFO] - Epoch 123: duration loss = 0.289 | prior loss = 1.206 | diffusion loss = 0.588

[2026-07-11 16:02:43,195][root][INFO] - Epoch 124: duration loss = 0.289 | prior loss = 1.206 | diffusion loss = 0.586

[2026-07-11 16:04:15,358][root][INFO] - Epoch 125: duration loss = 0.289 | prior loss = 1.206 | diffusion loss = 0.587

[2026-07-11 16:05:47,817][root][INFO] - Epoch 126: duration loss = 0.290 | prior loss = 1.206 | diffusion loss = 0.587

[2026-07-11 16:07:20,344][root][INFO] - Epoch 127: duration loss = 0.289 | prior loss = 1.206 | diffusion loss = 0.589

[2026-07-11 16:08:52,976][root][INFO] - Epoch 128: duration loss = 0.289 | prior loss = 1.206 | diffusion loss = 0.587

[2026-07-11 16:10:25,791][root][INFO] - Epoch 129: duration loss = 0.290 | prior loss = 1.206 | diffusion loss = 0.586

[2026-07-11 16:11:58,320][root][INFO] - Epoch 130: duration loss = 0.289 | prior loss = 1.206 | diffusion loss = 0.586

[2026-07-11 16:13:30,323][root][INFO] - Epoch 131: duration loss = 0.289 | prior loss = 1.206 | diffusion loss = 0.585

[2026-07-11 16:15:02,746][root][INFO] - Epoch 132: duration loss = 0.289 | prior loss = 1.206 | diffusion loss = 0.585

[2026-07-11 16:16:35,754][root][INFO] - Epoch 133: duration loss = 0.289 | prior loss = 1.206 | diffusion loss = 0.583

[2026-07-11 16:18:08,774][root][INFO] - Epoch 134: duration loss = 0.290 | prior loss = 1.206 | diffusion loss = 0.587

[2026-07-11 16:19:41,238][root][INFO] - Epoch 135: duration loss = 0.289 | prior loss = 1.206 | diffusion loss = 0.586

[2026-07-11 16:21:14,123][root][INFO] - Epoch 136: duration loss = 0.289 | prior loss = 1.206 | diffusion loss = 0.586

[2026-07-11 16:22:46,895][root][INFO] - Epoch 137: duration loss = 0.289 | prior loss = 1.206 | diffusion loss = 0.586

[2026-07-11 16:24:19,588][root][INFO] - Epoch 138: duration loss = 0.290 | prior loss = 1.206 | diffusion loss = 0.583

[2026-07-11 16:25:52,773][root][INFO] - Epoch 139: duration loss = 0.289 | prior loss = 1.206 | diffusion loss = 0.586

[2026-07-11 16:27:25,563][root][INFO] - Epoch 140: duration loss = 0.289 | prior loss = 1.206 | diffusion loss = 0.585

[2026-07-11 16:28:57,983][root][INFO] - Epoch 141: duration loss = 0.290 | prior loss = 1.206 | diffusion loss = 0.584

[2026-07-11 16:30:30,740][root][INFO] - Epoch 142: duration loss = 0.290 | prior loss = 1.206 | diffusion loss = 0.584

[2026-07-11 16:32:03,637][root][INFO] - Epoch 143: duration loss = 0.290 | prior loss = 1.206 | diffusion loss = 0.581

[2026-07-11 16:33:35,977][root][INFO] - Epoch 144: duration loss = 0.290 | prior loss = 1.206 | diffusion loss = 0.585

[2026-07-11 16:35:09,457][root][INFO] - Epoch 145: duration loss = 0.289 | prior loss = 1.206 | diffusion loss = 0.579

[2026-07-11 16:36:42,097][root][INFO] - Epoch 146: duration loss = 0.289 | prior loss = 1.206 | diffusion loss = 0.584

[2026-07-11 16:38:14,774][root][INFO] - Epoch 147: duration loss = 0.289 | prior loss = 1.206 | diffusion loss = 0.585

[2026-07-11 16:39:47,171][root][INFO] - Epoch 148: duration loss = 0.289 | prior loss = 1.206 | diffusion loss = 0.583

[2026-07-11 16:41:20,260][root][INFO] - Epoch 149: duration loss = 0.290 | prior loss = 1.206 | diffusion loss = 0.584

[2026-07-11 16:42:53,094][root][INFO] - Epoch 150: duration loss = 0.290 | prior loss = 1.206 | diffusion loss = 0.582

[2026-07-11 16:44:25,714][root][INFO] - Epoch 151: duration loss = 0.289 | prior loss = 1.206 | diffusion loss = 0.584

[2026-07-11 16:45:58,653][root][INFO] - Epoch 152: duration loss = 0.290 | prior loss = 1.206 | diffusion loss = 0.586

[2026-07-11 16:47:31,248][root][INFO] - Epoch 153: duration loss = 0.289 | prior loss = 1.206 | diffusion loss = 0.582

[2026-07-11 16:49:03,740][root][INFO] - Epoch 154: duration loss = 0.290 | prior loss = 1.206 | diffusion loss = 0.582

[2026-07-11 16:50:36,488][root][INFO] - Epoch 155: duration loss = 0.289 | prior loss = 1.206 | diffusion loss = 0.586

[2026-07-11 16:52:09,261][root][INFO] - Epoch 156: duration loss = 0.289 | prior loss = 1.205 | diffusion loss = 0.581

[2026-07-11 16:53:42,134][root][INFO] - Epoch 157: duration loss = 0.289 | prior loss = 1.206 | diffusion loss = 0.580

[2026-07-11 16:55:14,687][root][INFO] - Epoch 158: duration loss = 0.289 | prior loss = 1.206 | diffusion loss = 0.582

[2026-07-11 16:56:47,492][root][INFO] - Epoch 159: duration loss = 0.289 | prior loss = 1.206 | diffusion loss = 0.582

[2026-07-11 16:58:20,741][root][INFO] - Epoch 160: duration loss = 0.290 | prior loss = 1.206 | diffusion loss = 0.582

[2026-07-11 16:59:53,802][root][INFO] - Epoch 161: duration loss = 0.290 | prior loss = 1.206 | diffusion loss = 0.582

[2026-07-11 17:01:27,056][root][INFO] - Epoch 162: duration loss = 0.289 | prior loss = 1.206 | diffusion loss = 0.582

[2026-07-11 17:02:59,401][root][INFO] - Epoch 163: duration loss = 0.289 | prior loss = 1.206 | diffusion loss = 0.580

[2026-07-11 17:04:32,369][root][INFO] - Epoch 164: duration loss = 0.290 | prior loss = 1.206 | diffusion loss = 0.582

[2026-07-11 17:06:04,895][root][INFO] - Epoch 165: duration loss = 0.289 | prior loss = 1.206 | diffusion loss = 0.580

[2026-07-11 17:07:37,389][root][INFO] - Epoch 166: duration loss = 0.290 | prior loss = 1.206 | diffusion loss = 0.579

[2026-07-11 17:09:10,114][root][INFO] - Epoch 167: duration loss = 0.289 | prior loss = 1.206 | diffusion loss = 0.579

[2026-07-11 17:10:42,663][root][INFO] - Epoch 168: duration loss = 0.289 | prior loss = 1.206 | diffusion loss = 0.579

[2026-07-11 17:12:15,650][root][INFO] - Epoch 169: duration loss = 0.289 | prior loss = 1.206 | diffusion loss = 0.584

[2026-07-11 17:13:48,850][root][INFO] - Epoch 170: duration loss = 0.290 | prior loss = 1.206 | diffusion loss = 0.580

[2026-07-11 17:15:21,592][root][INFO] - Epoch 171: duration loss = 0.290 | prior loss = 1.206 | diffusion loss = 0.578

[2026-07-11 17:16:54,624][root][INFO] - Epoch 172: duration loss = 0.290 | prior loss = 1.206 | diffusion loss = 0.580

[2026-07-11 17:18:26,898][root][INFO] - Epoch 173: duration loss = 0.289 | prior loss = 1.206 | diffusion loss = 0.579

[2026-07-11 17:19:59,338][root][INFO] - Epoch 174: duration loss = 0.290 | prior loss = 1.206 | diffusion loss = 0.580

[2026-07-11 17:21:31,897][root][INFO] - Epoch 175: duration loss = 0.289 | prior loss = 1.206 | diffusion loss = 0.580

[2026-07-11 17:23:04,419][root][INFO] - Epoch 176: duration loss = 0.289 | prior loss = 1.206 | diffusion loss = 0.579

[2026-07-11 17:24:36,503][root][INFO] - Epoch 177: duration loss = 0.289 | prior loss = 1.206 | diffusion loss = 0.578

[2026-07-11 17:26:09,357][root][INFO] - Epoch 178: duration loss = 0.289 | prior loss = 1.206 | diffusion loss = 0.578

[2026-07-11 17:27:41,685][root][INFO] - Epoch 179: duration loss = 0.289 | prior loss = 1.206 | diffusion loss = 0.579

[2026-07-11 17:29:13,963][root][INFO] - Epoch 180: duration loss = 0.289 | prior loss = 1.206 | diffusion loss = 0.577

[2026-07-11 17:30:46,139][root][INFO] - Epoch 181: duration loss = 0.289 | prior loss = 1.206 | diffusion loss = 0.579

[2026-07-11 17:32:18,725][root][INFO] - Epoch 182: duration loss = 0.290 | prior loss = 1.206 | diffusion loss = 0.580

[2026-07-11 17:33:51,010][root][INFO] - Epoch 183: duration loss = 0.289 | prior loss = 1.206 | diffusion loss = 0.579

[2026-07-11 17:35:22,870][root][INFO] - Epoch 184: duration loss = 0.290 | prior loss = 1.206 | diffusion loss = 0.580

[2026-07-11 17:36:55,447][root][INFO] - Epoch 185: duration loss = 0.289 | prior loss = 1.206 | diffusion loss = 0.580

[2026-07-11 17:38:27,720][root][INFO] - Epoch 186: duration loss = 0.290 | prior loss = 1.206 | diffusion loss = 0.579

[2026-07-11 17:40:00,222][root][INFO] - Epoch 187: duration loss = 0.289 | prior loss = 1.206 | diffusion loss = 0.578

[2026-07-11 17:41:33,010][root][INFO] - Epoch 188: duration loss = 0.289 | prior loss = 1.205 | diffusion loss = 0.580

[2026-07-11 17:43:05,525][root][INFO] - Epoch 189: duration loss = 0.289 | prior loss = 1.206 | diffusion loss = 0.577

[2026-07-11 17:44:38,008][root][INFO] - Epoch 190: duration loss = 0.290 | prior loss = 1.206 | diffusion loss = 0.574

[2026-07-11 17:46:09,943][root][INFO] - Epoch 191: duration loss = 0.289 | prior loss = 1.206 | diffusion loss = 0.577

[2026-07-11 17:47:41,958][root][INFO] - Epoch 192: duration loss = 0.289 | prior loss = 1.206 | diffusion loss = 0.579

[2026-07-11 17:49:14,218][root][INFO] - Epoch 193: duration loss = 0.289 | prior loss = 1.206 | diffusion loss = 0.579

[2026-07-11 17:50:46,334][root][INFO] - Epoch 194: duration loss = 0.290 | prior loss = 1.206 | diffusion loss = 0.578

[2026-07-11 17:52:18,887][root][INFO] - Epoch 195: duration loss = 0.290 | prior loss = 1.206 | diffusion loss = 0.577

[2026-07-11 17:53:51,200][root][INFO] - Epoch 196: duration loss = 0.289 | prior loss = 1.206 | diffusion loss = 0.577

[2026-07-11 17:55:23,718][root][INFO] - Epoch 197: duration loss = 0.289 | prior loss = 1.206 | diffusion loss = 0.578

[2026-07-11 17:56:56,110][root][INFO] - Epoch 198: duration loss = 0.290 | prior loss = 1.207 | diffusion loss = 0.577

[2026-07-11 17:58:28,227][root][INFO] - Epoch 199: duration loss = 0.289 | prior loss = 1.206 | diffusion loss = 0.579

[2026-07-11 18:00:01,132][root][INFO] - Epoch 200: duration loss = 0.289 | prior loss = 1.206 | diffusion loss = 0.577

[2026-07-11 18:01:34,121][root][INFO] - Epoch 201: duration loss = 0.289 | prior loss = 1.206 | diffusion loss = 0.576

[2026-07-11 18:03:06,343][root][INFO] - Epoch 202: duration loss = 0.290 | prior loss = 1.206 | diffusion loss = 0.578

[2026-07-11 18:04:39,265][root][INFO] - Epoch 203: duration loss = 0.290 | prior loss = 1.206 | diffusion loss = 0.574

[2026-07-11 18:06:11,318][root][INFO] - Epoch 204: duration loss = 0.289 | prior loss = 1.206 | diffusion loss = 0.576

[2026-07-11 18:07:43,511][root][INFO] - Epoch 205: duration loss = 0.290 | prior loss = 1.206 | diffusion loss = 0.575

[2026-07-11 18:09:16,022][root][INFO] - Epoch 206: duration loss = 0.290 | prior loss = 1.206 | diffusion loss = 0.572

[2026-07-11 18:10:48,967][root][INFO] - Epoch 207: duration loss = 0.289 | prior loss = 1.206 | diffusion loss = 0.577

[2026-07-11 18:12:21,832][root][INFO] - Epoch 208: duration loss = 0.289 | prior loss = 1.206 | diffusion loss = 0.576

[2026-07-11 18:13:54,854][root][INFO] - Epoch 209: duration loss = 0.289 | prior loss = 1.206 | diffusion loss = 0.578

[2026-07-11 18:15:27,492][root][INFO] - Epoch 210: duration loss = 0.290 | prior loss = 1.206 | diffusion loss = 0.574

[2026-07-11 18:17:00,433][root][INFO] - Epoch 211: duration loss = 0.289 | prior loss = 1.206 | diffusion loss = 0.575

[2026-07-11 18:18:32,539][root][INFO] - Epoch 212: duration loss = 0.290 | prior loss = 1.207 | diffusion loss = 0.578

[2026-07-11 18:20:04,483][root][INFO] - Epoch 213: duration loss = 0.289 | prior loss = 1.206 | diffusion loss = 0.577

[2026-07-11 18:21:36,361][root][INFO] - Epoch 214: duration loss = 0.290 | prior loss = 1.206 | diffusion loss = 0.573

[2026-07-11 18:23:08,279][root][INFO] - Epoch 215: duration loss = 0.289 | prior loss = 1.206 | diffusion loss = 0.576

[2026-07-11 18:24:40,151][root][INFO] - Epoch 216: duration loss = 0.289 | prior loss = 1.206 | diffusion loss = 0.574

[2026-07-11 18:26:13,010][root][INFO] - Epoch 217: duration loss = 0.290 | prior loss = 1.206 | diffusion loss = 0.578

[2026-07-11 18:27:45,340][root][INFO] - Epoch 218: duration loss = 0.289 | prior loss = 1.207 | diffusion loss = 0.572

[2026-07-11 18:29:17,498][root][INFO] - Epoch 219: duration loss = 0.289 | prior loss = 1.206 | diffusion loss = 0.575

[2026-07-11 18:30:49,874][root][INFO] - Epoch 220: duration loss = 0.289 | prior loss = 1.206 | diffusion loss = 0.574

[2026-07-11 18:32:22,979][root][INFO] - Epoch 221: duration loss = 0.290 | prior loss = 1.206 | diffusion loss = 0.575

[2026-07-11 18:33:55,925][root][INFO] - Epoch 222: duration loss = 0.289 | prior loss = 1.206 | diffusion loss = 0.573

[2026-07-11 18:35:28,558][root][INFO] - Epoch 223: duration loss = 0.290 | prior loss = 1.206 | diffusion loss = 0.573

[2026-07-11 18:37:00,946][root][INFO] - Epoch 224: duration loss = 0.289 | prior loss = 1.206 | diffusion loss = 0.574

[2026-07-11 18:38:33,616][root][INFO] - Epoch 225: duration loss = 0.289 | prior loss = 1.206 | diffusion loss = 0.574

[2026-07-11 18:40:06,738][root][INFO] - Epoch 226: duration loss = 0.290 | prior loss = 1.206 | diffusion loss = 0.576

[2026-07-11 18:41:39,326][root][INFO] - Epoch 227: duration loss = 0.289 | prior loss = 1.206 | diffusion loss = 0.575

[2026-07-11 18:43:11,835][root][INFO] - Epoch 228: duration loss = 0.289 | prior loss = 1.206 | diffusion loss = 0.572

[2026-07-11 18:44:44,723][root][INFO] - Epoch 229: duration loss = 0.289 | prior loss = 1.206 | diffusion loss = 0.571

[2026-07-11 18:46:17,369][root][INFO] - Epoch 230: duration loss = 0.289 | prior loss = 1.206 | diffusion loss = 0.573

[2026-07-11 18:47:50,123][root][INFO] - Epoch 231: duration loss = 0.289 | prior loss = 1.206 | diffusion loss = 0.575

[2026-07-11 18:49:22,588][root][INFO] - Epoch 232: duration loss = 0.289 | prior loss = 1.206 | diffusion loss = 0.576

[2026-07-11 18:50:55,777][root][INFO] - Epoch 233: duration loss = 0.289 | prior loss = 1.206 | diffusion loss = 0.575

[2026-07-11 18:52:28,340][root][INFO] - Epoch 234: duration loss = 0.289 | prior loss = 1.206 | diffusion loss = 0.574

[2026-07-11 18:54:00,905][root][INFO] - Epoch 235: duration loss = 0.290 | prior loss = 1.206 | diffusion loss = 0.578

[2026-07-11 18:55:33,347][root][INFO] - Epoch 236: duration loss = 0.289 | prior loss = 1.206 | diffusion loss = 0.573

[2026-07-11 18:57:05,552][root][INFO] - Epoch 237: duration loss = 0.290 | prior loss = 1.206 | diffusion loss = 0.575

[2026-07-11 18:58:37,916][root][INFO] - Epoch 238: duration loss = 0.290 | prior loss = 1.206 | diffusion loss = 0.571

[2026-07-11 19:00:10,151][root][INFO] - Epoch 239: duration loss = 0.289 | prior loss = 1.206 | diffusion loss = 0.574

[2026-07-11 19:01:42,629][root][INFO] - Epoch 240: duration loss = 0.290 | prior loss = 1.206 | diffusion loss = 0.570

[2026-07-11 19:03:15,152][root][INFO] - Epoch 241: duration loss = 0.289 | prior loss = 1.206 | diffusion loss = 0.574

[2026-07-11 19:04:47,631][root][INFO] - Epoch 242: duration loss = 0.289 | prior loss = 1.206 | diffusion loss = 0.573

[2026-07-11 19:06:20,375][root][INFO] - Epoch 243: duration loss = 0.290 | prior loss = 1.206 | diffusion loss = 0.573

[2026-07-11 19:07:53,030][root][INFO] - Epoch 244: duration loss = 0.289 | prior loss = 1.206 | diffusion loss = 0.574

[2026-07-11 19:09:25,217][root][INFO] - Epoch 245: duration loss = 0.289 | prior loss = 1.206 | diffusion loss = 0.571

[2026-07-11 19:10:57,461][root][INFO] - Epoch 246: duration loss = 0.289 | prior loss = 1.206 | diffusion loss = 0.572

[2026-07-11 19:12:30,345][root][INFO] - Epoch 247: duration loss = 0.289 | prior loss = 1.206 | diffusion loss = 0.572

[2026-07-11 19:14:03,217][root][INFO] - Epoch 248: duration loss = 0.289 | prior loss = 1.206 | diffusion loss = 0.572

[2026-07-11 19:15:35,899][root][INFO] - Epoch 249: duration loss = 0.289 | prior loss = 1.206 | diffusion loss = 0.575

[2026-07-11 19:17:08,977][root][INFO] - Epoch 250: duration loss = 0.289 | prior loss = 1.206 | diffusion loss = 0.573

[2026-07-11 19:18:41,608][root][INFO] - Epoch 251: duration loss = 0.289 | prior loss = 1.206 | diffusion loss = 0.574

[2026-07-11 19:20:14,467][root][INFO] - Epoch 252: duration loss = 0.289 | prior loss = 1.206 | diffusion loss = 0.573

[2026-07-11 19:21:47,201][root][INFO] - Epoch 253: duration loss = 0.289 | prior loss = 1.206 | diffusion loss = 0.571

[2026-07-11 19:23:20,277][root][INFO] - Epoch 254: duration loss = 0.289 | prior loss = 1.206 | diffusion loss = 0.572

[2026-07-11 19:24:52,598][root][INFO] - Epoch 255: duration loss = 0.289 | prior loss = 1.206 | diffusion loss = 0.572

[2026-07-11 19:26:25,330][root][INFO] - Epoch 256: duration loss = 0.289 | prior loss = 1.206 | diffusion loss = 0.568

[2026-07-11 19:27:57,908][root][INFO] - Epoch 257: duration loss = 0.289 | prior loss = 1.206 | diffusion loss = 0.572

[2026-07-11 19:29:30,904][root][INFO] - Epoch 258: duration loss = 0.290 | prior loss = 1.206 | diffusion loss = 0.568

[2026-07-11 19:31:03,337][root][INFO] - Epoch 259: duration loss = 0.290 | prior loss = 1.206 | diffusion loss = 0.571

[2026-07-11 19:32:35,643][root][INFO] - Epoch 260: duration loss = 0.289 | prior loss = 1.206 | diffusion loss = 0.569

[2026-07-11 19:34:08,205][root][INFO] - Epoch 261: duration loss = 0.289 | prior loss = 1.206 | diffusion loss = 0.573

[2026-07-11 19:35:41,015][root][INFO] - Epoch 262: duration loss = 0.289 | prior loss = 1.206 | diffusion loss = 0.570

[2026-07-11 19:37:13,539][root][INFO] - Epoch 263: duration loss = 0.289 | prior loss = 1.206 | diffusion loss = 0.569

[2026-07-11 19:38:46,108][root][INFO] - Epoch 264: duration loss = 0.289 | prior loss = 1.206 | diffusion loss = 0.565

[2026-07-11 19:40:18,591][root][INFO] - Epoch 265: duration loss = 0.289 | prior loss = 1.206 | diffusion loss = 0.570

[2026-07-11 19:41:51,004][root][INFO] - Epoch 266: duration loss = 0.290 | prior loss = 1.206 | diffusion loss = 0.573

[2026-07-11 19:43:23,771][root][INFO] - Epoch 267: duration loss = 0.290 | prior loss = 1.206 | diffusion loss = 0.569

[2026-07-11 19:44:56,197][root][INFO] - Epoch 268: duration loss = 0.290 | prior loss = 1.206 | diffusion loss = 0.574

[2026-07-11 19:46:29,098][root][INFO] - Epoch 269: duration loss = 0.290 | prior loss = 1.207 | diffusion loss = 0.571

[2026-07-11 19:48:01,727][root][INFO] - Epoch 270: duration loss = 0.290 | prior loss = 1.206 | diffusion loss = 0.572

[2026-07-11 19:49:35,138][root][INFO] - Epoch 271: duration loss = 0.290 | prior loss = 1.206 | diffusion loss = 0.569

[2026-07-11 19:51:08,364][root][INFO] - Epoch 272: duration loss = 0.289 | prior loss = 1.206 | diffusion loss = 0.570

[2026-07-11 19:52:41,569][root][INFO] - Epoch 273: duration loss = 0.289 | prior loss = 1.206 | diffusion loss = 0.571

[2026-07-11 19:54:14,791][root][INFO] - Epoch 274: duration loss = 0.289 | prior loss = 1.206 | diffusion loss = 0.568

[2026-07-11 19:55:48,226][root][INFO] - Epoch 275: duration loss = 0.289 | prior loss = 1.206 | diffusion loss = 0.569

[2026-07-11 19:57:21,858][root][INFO] - Epoch 276: duration loss = 0.289 | prior loss = 1.206 | diffusion loss = 0.569

[2026-07-11 19:58:54,627][root][INFO] - Epoch 277: duration loss = 0.289 | prior loss = 1.206 | diffusion loss = 0.569

[2026-07-11 20:00:27,123][root][INFO] - Epoch 278: duration loss = 0.289 | prior loss = 1.206 | diffusion loss = 0.571

[2026-07-11 20:01:59,981][root][INFO] - Epoch 279: duration loss = 0.289 | prior loss = 1.206 | diffusion loss = 0.571

[2026-07-11 20:03:33,183][root][INFO] - Epoch 280: duration loss = 0.289 | prior loss = 1.206 | diffusion loss = 0.566

[2026-07-11 20:05:06,702][root][INFO] - Epoch 281: duration loss = 0.289 | prior loss = 1.206 | diffusion loss = 0.566

[2026-07-11 20:06:40,002][root][INFO] - Epoch 282: duration loss = 0.290 | prior loss = 1.206 | diffusion loss = 0.570

[2026-07-11 20:08:12,747][root][INFO] - Epoch 283: duration loss = 0.289 | prior loss = 1.206 | diffusion loss = 0.570

[2026-07-11 20:09:45,808][root][INFO] - Epoch 284: duration loss = 0.290 | prior loss = 1.206 | diffusion loss = 0.570

[2026-07-11 20:11:18,624][root][INFO] - Epoch 285: duration loss = 0.289 | prior loss = 1.206 | diffusion loss = 0.567

[2026-07-11 20:12:51,404][root][INFO] - Epoch 286: duration loss = 0.289 | prior loss = 1.206 | diffusion loss = 0.568

[2026-07-11 20:14:24,034][root][INFO] - Epoch 287: duration loss = 0.290 | prior loss = 1.206 | diffusion loss = 0.565

[2026-07-11 20:15:57,067][root][INFO] - Epoch 288: duration loss = 0.290 | prior loss = 1.206 | diffusion loss = 0.568

[2026-07-11 20:17:29,621][root][INFO] - Epoch 289: duration loss = 0.289 | prior loss = 1.206 | diffusion loss = 0.569

[2026-07-11 20:19:02,491][root][INFO] - Epoch 290: duration loss = 0.290 | prior loss = 1.206 | diffusion loss = 0.569

[2026-07-11 20:20:35,497][root][INFO] - Epoch 291: duration loss = 0.289 | prior loss = 1.206 | diffusion loss = 0.570

[2026-07-11 20:22:07,821][root][INFO] - Epoch 292: duration loss = 0.289 | prior loss = 1.206 | diffusion loss = 0.567

[2026-07-11 20:23:40,301][root][INFO] - Epoch 293: duration loss = 0.290 | prior loss = 1.206 | diffusion loss = 0.569

[2026-07-11 20:25:12,468][root][INFO] - Epoch 294: duration loss = 0.290 | prior loss = 1.206 | diffusion loss = 0.571

[2026-07-11 20:26:45,089][root][INFO] - Epoch 295: duration loss = 0.289 | prior loss = 1.206 | diffusion loss = 0.568

[2026-07-11 20:28:17,638][root][INFO] - Epoch 296: duration loss = 0.289 | prior loss = 1.206 | diffusion loss = 0.569

[2026-07-11 20:29:49,468][root][INFO] - Epoch 297: duration loss = 0.289 | prior loss = 1.206 | diffusion loss = 0.567

[2026-07-11 20:31:22,545][root][INFO] - Epoch 298: duration loss = 0.289 | prior loss = 1.206 | diffusion loss = 0.568

[2026-07-11 20:32:55,170][root][INFO] - Epoch 299: duration loss = 0.289 | prior loss = 1.206 | diffusion loss = 0.567

[2026-07-11 20:34:27,911][root][INFO] - Epoch 300: duration loss = 0.289 | prior loss = 1.206 | diffusion loss = 0.568

[2026-07-11 20:36:01,218][root][INFO] - Epoch 301: duration loss = 0.290 | prior loss = 1.206 | diffusion loss = 0.568

[2026-07-11 20:37:33,432][root][INFO] - Epoch 302: duration loss = 0.289 | prior loss = 1.206 | diffusion loss = 0.569

[2026-07-11 20:39:05,347][root][INFO] - Epoch 303: duration loss = 0.289 | prior loss = 1.206 | diffusion loss = 0.569

[2026-07-11 20:40:37,057][root][INFO] - Epoch 304: duration loss = 0.289 | prior loss = 1.206 | diffusion loss = 0.566

[2026-07-11 20:42:08,003][root][INFO] - Epoch 305: duration loss = 0.290 | prior loss = 1.206 | diffusion loss = 0.568

[2026-07-11 20:43:38,868][root][INFO] - Epoch 306: duration loss = 0.290 | prior loss = 1.206 | diffusion loss = 0.568

[2026-07-11 20:45:10,054][root][INFO] - Epoch 307: duration loss = 0.290 | prior loss = 1.206 | diffusion loss = 0.570

[2026-07-11 20:46:41,290][root][INFO] - Epoch 308: duration loss = 0.289 | prior loss = 1.206 | diffusion loss = 0.566

[2026-07-11 20:48:11,669][root][INFO] - Epoch 309: duration loss = 0.289 | prior loss = 1.206 | diffusion loss = 0.568

[2026-07-11 20:49:41,839][root][INFO] - Epoch 310: duration loss = 0.289 | prior loss = 1.206 | diffusion loss = 0.569

[2026-07-11 20:51:12,145][root][INFO] - Epoch 311: duration loss = 0.290 | prior loss = 1.206 | diffusion loss = 0.568

[2026-07-11 20:52:43,419][root][INFO] - Epoch 312: duration loss = 0.290 | prior loss = 1.206 | diffusion loss = 0.568

[2026-07-11 20:54:14,775][root][INFO] - Epoch 313: duration loss = 0.290 | prior loss = 1.206 | diffusion loss = 0.568

[2026-07-11 20:55:45,759][root][INFO] - Epoch 314: duration loss = 0.289 | prior loss = 1.206 | diffusion loss = 0.568

[2026-07-11 20:57:16,532][root][INFO] - Epoch 315: duration loss = 0.289 | prior loss = 1.206 | diffusion loss = 0.567

[2026-07-11 20:58:47,374][root][INFO] - Epoch 316: duration loss = 0.290 | prior loss = 1.206 | diffusion loss = 0.567

[2026-07-11 21:00:18,374][root][INFO] - Epoch 317: duration loss = 0.289 | prior loss = 1.206 | diffusion loss = 0.566

[2026-07-11 21:01:48,868][root][INFO] - Epoch 318: duration loss = 0.289 | prior loss = 1.206 | diffusion loss = 0.566

[2026-07-11 21:03:19,949][root][INFO] - Epoch 319: duration loss = 0.290 | prior loss = 1.206 | diffusion loss = 0.566

[2026-07-11 21:04:50,305][root][INFO] - Epoch 320: duration loss = 0.290 | prior loss = 1.206 | diffusion loss = 0.564

[2026-07-11 21:06:20,820][root][INFO] - Epoch 321: duration loss = 0.290 | prior loss = 1.206 | diffusion loss = 0.568

[2026-07-11 21:07:51,658][root][INFO] - Epoch 322: duration loss = 0.290 | prior loss = 1.206 | diffusion loss = 0.567

[2026-07-11 21:09:22,861][root][INFO] - Epoch 323: duration loss = 0.289 | prior loss = 1.206 | diffusion loss = 0.566

[2026-07-11 21:10:53,666][root][INFO] - Epoch 324: duration loss = 0.289 | prior loss = 1.206 | diffusion loss = 0.567

[2026-07-11 21:12:24,922][root][INFO] - Epoch 325: duration loss = 0.290 | prior loss = 1.206 | diffusion loss = 0.565

[2026-07-11 21:13:55,742][root][INFO] - Epoch 326: duration loss = 0.289 | prior loss = 1.206 | diffusion loss = 0.567

[2026-07-11 21:15:26,485][root][INFO] - Epoch 327: duration loss = 0.289 | prior loss = 1.206 | diffusion loss = 0.566

[2026-07-11 21:16:57,661][root][INFO] - Epoch 328: duration loss = 0.289 | prior loss = 1.207 | diffusion loss = 0.567

[2026-07-11 21:18:30,344][root][INFO] - Epoch 329: duration loss = 0.289 | prior loss = 1.206 | diffusion loss = 0.565

[2026-07-11 21:20:03,973][root][INFO] - Epoch 330: duration loss = 0.289 | prior loss = 1.206 | diffusion loss = 0.565

[2026-07-11 21:21:35,572][root][INFO] - Epoch 331: duration loss = 0.290 | prior loss = 1.206 | diffusion loss = 0.568

[2026-07-11 21:23:06,229][root][INFO] - Epoch 332: duration loss = 0.290 | prior loss = 1.206 | diffusion loss = 0.564

[2026-07-11 21:24:36,812][root][INFO] - Epoch 333: duration loss = 0.289 | prior loss = 1.206 | diffusion loss = 0.565

[2026-07-11 21:26:07,719][root][INFO] - Epoch 334: duration loss = 0.289 | prior loss = 1.205 | diffusion loss = 0.568

[2026-07-11 21:27:39,183][root][INFO] - Epoch 335: duration loss = 0.289 | prior loss = 1.206 | diffusion loss = 0.565

[2026-07-11 21:29:10,496][root][INFO] - Epoch 336: duration loss = 0.289 | prior loss = 1.206 | diffusion loss = 0.566

[2026-07-11 21:30:41,779][root][INFO] - Epoch 337: duration loss = 0.289 | prior loss = 1.206 | diffusion loss = 0.566

[2026-07-11 21:32:12,664][root][INFO] - Epoch 338: duration loss = 0.289 | prior loss = 1.206 | diffusion loss = 0.565

[2026-07-11 21:33:43,747][root][INFO] - Epoch 339: duration loss = 0.289 | prior loss = 1.206 | diffusion loss = 0.567

[2026-07-11 21:35:14,449][root][INFO] - Epoch 340: duration loss = 0.290 | prior loss = 1.206 | diffusion loss = 0.567

[2026-07-11 21:36:45,760][root][INFO] - Epoch 341: duration loss = 0.289 | prior loss = 1.206 | diffusion loss = 0.566

[2026-07-11 21:38:16,636][root][INFO] - Epoch 342: duration loss = 0.289 | prior loss = 1.206 | diffusion loss = 0.566

[2026-07-11 21:39:47,179][root][INFO] - Epoch 343: duration loss = 0.290 | prior loss = 1.207 | diffusion loss = 0.564

[2026-07-11 21:41:18,237][root][INFO] - Epoch 344: duration loss = 0.289 | prior loss = 1.206 | diffusion loss = 0.565

[2026-07-11 21:42:49,106][root][INFO] - Epoch 345: duration loss = 0.289 | prior loss = 1.206 | diffusion loss = 0.565

[2026-07-11 21:44:19,974][root][INFO] - Epoch 346: duration loss = 0.290 | prior loss = 1.206 | diffusion loss = 0.564

[2026-07-11 21:45:50,989][root][INFO] - Epoch 347: duration loss = 0.289 | prior loss = 1.206 | diffusion loss = 0.568

[2026-07-11 21:47:22,204][root][INFO] - Epoch 348: duration loss = 0.289 | prior loss = 1.206 | diffusion loss = 0.568

[2026-07-11 21:48:53,146][root][INFO] - Epoch 349: duration loss = 0.289 | prior loss = 1.206 | diffusion loss = 0.568

[2026-07-11 21:50:23,949][root][INFO] - Epoch 350: duration loss = 0.290 | prior loss = 1.206 | diffusion loss = 0.567

[2026-07-11 21:51:54,874][root][INFO] - Epoch 351: duration loss = 0.289 | prior loss = 1.206 | diffusion loss = 0.564

[2026-07-11 21:53:25,564][root][INFO] - Epoch 352: duration loss = 0.290 | prior loss = 1.205 | diffusion loss = 0.565

[2026-07-11 21:54:56,677][root][INFO] - Epoch 353: duration loss = 0.290 | prior loss = 1.206 | diffusion loss = 0.566

[2026-07-11 21:56:27,722][root][INFO] - Epoch 354: duration loss = 0.290 | prior loss = 1.206 | diffusion loss = 0.566

[2026-07-11 21:57:58,729][root][INFO] - Epoch 355: duration loss = 0.289 | prior loss = 1.206 | diffusion loss = 0.564

[2026-07-11 21:59:30,417][root][INFO] - Epoch 356: duration loss = 0.289 | prior loss = 1.206 | diffusion loss = 0.565

[2026-07-11 22:01:01,326][root][INFO] - Epoch 357: duration loss = 0.289 | prior loss = 1.206 | diffusion loss = 0.565

[2026-07-11 22:02:32,437][root][INFO] - Epoch 358: duration loss = 0.289 | prior loss = 1.206 | diffusion loss = 0.564

[2026-07-11 22:04:03,701][root][INFO] - Epoch 359: duration loss = 0.290 | prior loss = 1.206 | diffusion loss = 0.564

[2026-07-11 22:05:34,902][root][INFO] - Epoch 360: duration loss = 0.289 | prior loss = 1.206 | diffusion loss = 0.567

[2026-07-11 22:07:06,086][root][INFO] - Epoch 361: duration loss = 0.289 | prior loss = 1.207 | diffusion loss = 0.567

[2026-07-11 22:08:36,645][root][INFO] - Epoch 362: duration loss = 0.289 | prior loss = 1.206 | diffusion loss = 0.562

[2026-07-11 22:10:07,673][root][INFO] - Epoch 363: duration loss = 0.289 | prior loss = 1.206 | diffusion loss = 0.566

[2026-07-11 22:11:39,090][root][INFO] - Epoch 364: duration loss = 0.289 | prior loss = 1.206 | diffusion loss = 0.562

[2026-07-11 22:13:09,961][root][INFO] - Epoch 365: duration loss = 0.289 | prior loss = 1.206 | diffusion loss = 0.565

[2026-07-11 22:14:41,734][root][INFO] - Epoch 366: duration loss = 0.290 | prior loss = 1.206 | diffusion loss = 0.565

[2026-07-11 22:16:13,198][root][INFO] - Epoch 367: duration loss = 0.290 | prior loss = 1.206 | diffusion loss = 0.564

[2026-07-11 22:17:44,504][root][INFO] - Epoch 368: duration loss = 0.289 | prior loss = 1.206 | diffusion loss = 0.564

[2026-07-11 22:19:15,371][root][INFO] - Epoch 369: duration loss = 0.289 | prior loss = 1.206 | diffusion loss = 0.563

[2026-07-11 22:20:46,429][root][INFO] - Epoch 370: duration loss = 0.290 | prior loss = 1.206 | diffusion loss = 0.563

[2026-07-11 22:22:17,351][root][INFO] - Epoch 371: duration loss = 0.289 | prior loss = 1.206 | diffusion loss = 0.567

[2026-07-11 22:23:48,101][root][INFO] - Epoch 372: duration loss = 0.289 | prior loss = 1.206 | diffusion loss = 0.563

[2026-07-11 22:25:19,229][root][INFO] - Epoch 373: duration loss = 0.289 | prior loss = 1.206 | diffusion loss = 0.565

[2026-07-11 22:26:50,107][root][INFO] - Epoch 374: duration loss = 0.289 | prior loss = 1.206 | diffusion loss = 0.564

[2026-07-11 22:28:21,481][root][INFO] - Epoch 375: duration loss = 0.290 | prior loss = 1.206 | diffusion loss = 0.564

[2026-07-11 22:29:52,954][root][INFO] - Epoch 376: duration loss = 0.289 | prior loss = 1.206 | diffusion loss = 0.562

[2026-07-11 22:31:23,646][root][INFO] - Epoch 377: duration loss = 0.289 | prior loss = 1.206 | diffusion loss = 0.562

[2026-07-11 22:32:54,140][root][INFO] - Epoch 378: duration loss = 0.290 | prior loss = 1.206 | diffusion loss = 0.567

[2026-07-11 22:34:25,385][root][INFO] - Epoch 379: duration loss = 0.290 | prior loss = 1.206 | diffusion loss = 0.565

[2026-07-11 22:35:56,472][root][INFO] - Epoch 380: duration loss = 0.290 | prior loss = 1.206 | diffusion loss = 0.562

[2026-07-11 22:37:28,140][root][INFO] - Epoch 381: duration loss = 0.290 | prior loss = 1.206 | diffusion loss = 0.566

[2026-07-11 22:38:59,173][root][INFO] - Epoch 382: duration loss = 0.289 | prior loss = 1.206 | diffusion loss = 0.563

[2026-07-11 22:40:30,573][root][INFO] - Epoch 383: duration loss = 0.289 | prior loss = 1.206 | diffusion loss = 0.563

[2026-07-11 22:42:01,895][root][INFO] - Epoch 384: duration loss = 0.289 | prior loss = 1.206 | diffusion loss = 0.562

[2026-07-11 22:43:33,331][root][INFO] - Epoch 385: duration loss = 0.289 | prior loss = 1.206 | diffusion loss = 0.560

[2026-07-11 22:45:03,836][root][INFO] - Epoch 386: duration loss = 0.290 | prior loss = 1.206 | diffusion loss = 0.562

[2026-07-11 22:46:34,772][root][INFO] - Epoch 387: duration loss = 0.289 | prior loss = 1.206 | diffusion loss = 0.564

[2026-07-11 22:48:05,678][root][INFO] - Epoch 388: duration loss = 0.289 | prior loss = 1.206 | diffusion loss = 0.565

[2026-07-11 22:49:36,858][root][INFO] - Epoch 389: duration loss = 0.289 | prior loss = 1.206 | diffusion loss = 0.565

[2026-07-11 22:51:07,675][root][INFO] - Epoch 390: duration loss = 0.289 | prior loss = 1.206 | diffusion loss = 0.564

[2026-07-11 22:52:39,114][root][INFO] - Epoch 391: duration loss = 0.289 | prior loss = 1.206 | diffusion loss = 0.563

[2026-07-11 22:54:09,970][root][INFO] - Epoch 392: duration loss = 0.289 | prior loss = 1.206 | diffusion loss = 0.562

[2026-07-11 22:55:41,168][root][INFO] - Epoch 393: duration loss = 0.289 | prior loss = 1.206 | diffusion loss = 0.565

[2026-07-11 22:57:12,975][root][INFO] - Epoch 394: duration loss = 0.289 | prior loss = 1.206 | diffusion loss = 0.563

[2026-07-11 22:58:44,570][root][INFO] - Epoch 395: duration loss = 0.289 | prior loss = 1.206 | diffusion loss = 0.565

[2026-07-11 23:00:15,662][root][INFO] - Epoch 396: duration loss = 0.289 | prior loss = 1.206 | diffusion loss = 0.564

[2026-07-11 23:01:46,524][root][INFO] - Epoch 397: duration loss = 0.290 | prior loss = 1.206 | diffusion loss = 0.565

[2026-07-11 23:03:17,611][root][INFO] - Epoch 398: duration loss = 0.290 | prior loss = 1.206 | diffusion loss = 0.560

[2026-07-11 23:04:48,594][root][INFO] - Epoch 399: duration loss = 0.290 | prior loss = 1.207 | diffusion loss = 0.562

[2026-07-11 23:06:19,805][root][INFO] - Epoch 400: duration loss = 0.289 | prior loss = 1.206 | diffusion loss = 0.566

[2026-07-11 23:07:50,887][root][INFO] - Epoch 401: duration loss = 0.290 | prior loss = 1.206 | diffusion loss = 0.563

[2026-07-11 23:09:22,151][root][INFO] - Epoch 402: duration loss = 0.289 | prior loss = 1.206 | diffusion loss = 0.563

[2026-07-11 23:10:53,382][root][INFO] - Epoch 403: duration loss = 0.290 | prior loss = 1.206 | diffusion loss = 0.560

[2026-07-11 23:12:24,603][root][INFO] - Epoch 404: duration loss = 0.290 | prior loss = 1.206 | diffusion loss = 0.564

[2026-07-11 23:13:56,070][root][INFO] - Epoch 405: duration loss = 0.290 | prior loss = 1.206 | diffusion loss = 0.564

[2026-07-11 23:15:26,622][root][INFO] - Epoch 406: duration loss = 0.289 | prior loss = 1.206 | diffusion loss = 0.563

[2026-07-11 23:16:57,567][root][INFO] - Epoch 407: duration loss = 0.289 | prior loss = 1.206 | diffusion loss = 0.560

[2026-07-11 23:18:28,936][root][INFO] - Epoch 408: duration loss = 0.290 | prior loss = 1.206 | diffusion loss = 0.563

[2026-07-11 23:20:00,187][root][INFO] - Epoch 409: duration loss = 0.290 | prior loss = 1.206 | diffusion loss = 0.563

[2026-07-11 23:21:31,862][root][INFO] - Epoch 410: duration loss = 0.290 | prior loss = 1.206 | diffusion loss = 0.562

[2026-07-11 23:23:03,688][root][INFO] - Epoch 411: duration loss = 0.290 | prior loss = 1.206 | diffusion loss = 0.563

[2026-07-11 23:24:34,557][root][INFO] - Epoch 412: duration loss = 0.290 | prior loss = 1.206 | diffusion loss = 0.564

[2026-07-11 23:26:05,728][root][INFO] - Epoch 413: duration loss = 0.289 | prior loss = 1.206 | diffusion loss = 0.565

[2026-07-11 23:27:36,855][root][INFO] - Epoch 414: duration loss = 0.290 | prior loss = 1.206 | diffusion loss = 0.561

[2026-07-11 23:29:08,094][root][INFO] - Epoch 415: duration loss = 0.289 | prior loss = 1.206 | diffusion loss = 0.564

[2026-07-11 23:30:39,317][root][INFO] - Epoch 416: duration loss = 0.289 | prior loss = 1.205 | diffusion loss = 0.561

[2026-07-11 23:32:09,747][root][INFO] - Epoch 417: duration loss = 0.290 | prior loss = 1.205 | diffusion loss = 0.562

[2026-07-11 23:33:40,831][root][INFO] - Epoch 418: duration loss = 0.290 | prior loss = 1.206 | diffusion loss = 0.560

[2026-07-11 23:35:12,286][root][INFO] - Epoch 419: duration loss = 0.289 | prior loss = 1.206 | diffusion loss = 0.560

[2026-07-11 23:36:52,551][root][INFO] - Epoch 420: duration loss = 0.290 | prior loss = 1.206 | diffusion loss = 0.560

[2026-07-11 23:38:24,889][root][INFO] - Epoch 421: duration loss = 0.289 | prior loss = 1.206 | diffusion loss = 0.560

[2026-07-11 23:39:56,067][root][INFO] - Epoch 422: duration loss = 0.289 | prior loss = 1.206 | diffusion loss = 0.558

[2026-07-11 23:41:27,518][root][INFO] - Epoch 423: duration loss = 0.289 | prior loss = 1.206 | diffusion loss = 0.560

[2026-07-11 23:42:58,475][root][INFO] - Epoch 424: duration loss = 0.290 | prior loss = 1.206 | diffusion loss = 0.562

[2026-07-11 23:44:28,725][root][INFO] - Epoch 425: duration loss = 0.289 | prior loss = 1.206 | diffusion loss = 0.562

[2026-07-11 23:45:58,877][root][INFO] - Epoch 426: duration loss = 0.289 | prior loss = 1.206 | diffusion loss = 0.564

[2026-07-11 23:47:29,529][root][INFO] - Epoch 427: duration loss = 0.289 | prior loss = 1.206 | diffusion loss = 0.561

[2026-07-11 23:49:00,221][root][INFO] - Epoch 428: duration loss = 0.289 | prior loss = 1.206 | diffusion loss = 0.562

[2026-07-11 23:50:30,676][root][INFO] - Epoch 429: duration loss = 0.289 | prior loss = 1.206 | diffusion loss = 0.560

[2026-07-11 23:52:00,682][root][INFO] - Epoch 430: duration loss = 0.290 | prior loss = 1.206 | diffusion loss = 0.559

[2026-07-11 23:53:31,389][root][INFO] - Epoch 431: duration loss = 0.289 | prior loss = 1.206 | diffusion loss = 0.559

[2026-07-11 23:55:01,744][root][INFO] - Epoch 432: duration loss = 0.289 | prior loss = 1.206 | diffusion loss = 0.559

[2026-07-11 23:56:31,896][root][INFO] - Epoch 433: duration loss = 0.289 | prior loss = 1.206 | diffusion loss = 0.559

[2026-07-11 23:58:02,449][root][INFO] - Epoch 434: duration loss = 0.290 | prior loss = 1.206 | diffusion loss = 0.558

[2026-07-11 23:59:32,981][root][INFO] - Epoch 435: duration loss = 0.289 | prior loss = 1.206 | diffusion loss = 0.562

[2026-07-12 00:01:03,615][root][INFO] - Epoch 436: duration loss = 0.290 | prior loss = 1.206 | diffusion loss = 0.562

[2026-07-12 00:02:34,749][root][INFO] - Epoch 437: duration loss = 0.290 | prior loss = 1.206 | diffusion loss = 0.558

[2026-07-12 00:04:05,488][root][INFO] - Epoch 438: duration loss = 0.289 | prior loss = 1.206 | diffusion loss = 0.562

[2026-07-12 00:05:35,651][root][INFO] - Epoch 439: duration loss = 0.289 | prior loss = 1.206 | diffusion loss = 0.558

[2026-07-12 00:07:05,598][root][INFO] - Epoch 440: duration loss = 0.289 | prior loss = 1.206 | diffusion loss = 0.562

[2026-07-12 00:08:36,598][root][INFO] - Epoch 441: duration loss = 0.290 | prior loss = 1.206 | diffusion loss = 0.559

[2026-07-12 00:10:06,756][root][INFO] - Epoch 442: duration loss = 0.289 | prior loss = 1.206 | diffusion loss = 0.559

[2026-07-12 00:11:36,826][root][INFO] - Epoch 443: duration loss = 0.290 | prior loss = 1.206 | diffusion loss = 0.561

[2026-07-12 00:13:07,428][root][INFO] - Epoch 444: duration loss = 0.290 | prior loss = 1.206 | diffusion loss = 0.561

[2026-07-12 00:14:37,152][root][INFO] - Epoch 445: duration loss = 0.290 | prior loss = 1.206 | diffusion loss = 0.557

[2026-07-12 00:16:07,730][root][INFO] - Epoch 446: duration loss = 0.289 | prior loss = 1.206 | diffusion loss = 0.561

[2026-07-12 00:17:38,038][root][INFO] - Epoch 447: duration loss = 0.289 | prior loss = 1.206 | diffusion loss = 0.561

[2026-07-12 00:19:09,145][root][INFO] - Epoch 448: duration loss = 0.289 | prior loss = 1.206 | diffusion loss = 0.561

[2026-07-12 00:20:39,484][root][INFO] - Epoch 449: duration loss = 0.289 | prior loss = 1.206 | diffusion loss = 0.556

[2026-07-12 00:22:18,420][root][INFO] - Epoch 450: duration loss = 0.289 | prior loss = 1.206 | diffusion loss = 0.561

[2026-07-12 00:23:49,418][root][INFO] - Epoch 451: duration loss = 0.289 | prior loss = 1.206 | diffusion loss = 0.561

[2026-07-12 00:25:19,168][root][INFO] - Epoch 452: duration loss = 0.290 | prior loss = 1.206 | diffusion loss = 0.560

[2026-07-12 00:26:49,787][root][INFO] - Epoch 453: duration loss = 0.290 | prior loss = 1.206 | diffusion loss = 0.560

[2026-07-12 00:28:19,996][root][INFO] - Epoch 454: duration loss = 0.290 | prior loss = 1.206 | diffusion loss = 0.558

[2026-07-12 00:29:50,008][root][INFO] - Epoch 455: duration loss = 0.289 | prior loss = 1.206 | diffusion loss = 0.559

[2026-07-12 00:31:20,665][root][INFO] - Epoch 456: duration loss = 0.289 | prior loss = 1.206 | diffusion loss = 0.559

[2026-07-12 00:32:51,160][root][INFO] - Epoch 457: duration loss = 0.289 | prior loss = 1.206 | diffusion loss = 0.563

[2026-07-12 00:34:21,461][root][INFO] - Epoch 458: duration loss = 0.290 | prior loss = 1.206 | diffusion loss = 0.559

[2026-07-12 00:35:51,638][root][INFO] - Epoch 459: duration loss = 0.289 | prior loss = 1.206 | diffusion loss = 0.561

[2026-07-12 00:37:22,557][root][INFO] - Epoch 460: duration loss = 0.290 | prior loss = 1.206 | diffusion loss = 0.562

[2026-07-12 00:38:53,085][root][INFO] - Epoch 461: duration loss = 0.290 | prior loss = 1.207 | diffusion loss = 0.563

[2026-07-12 00:40:23,104][root][INFO] - Epoch 462: duration loss = 0.290 | prior loss = 1.206 | diffusion loss = 0.560

[2026-07-12 00:41:53,315][root][INFO] - Epoch 463: duration loss = 0.289 | prior loss = 1.206 | diffusion loss = 0.561

[2026-07-12 00:43:24,623][root][INFO] - Epoch 464: duration loss = 0.290 | prior loss = 1.206 | diffusion loss = 0.561

[2026-07-12 00:44:55,497][root][INFO] - Epoch 465: duration loss = 0.290 | prior loss = 1.206 | diffusion loss = 0.556

[2026-07-12 00:46:26,478][root][INFO] - Epoch 466: duration loss = 0.290 | prior loss = 1.206 | diffusion loss = 0.557

[2026-07-12 00:47:57,165][root][INFO] - Epoch 467: duration loss = 0.290 | prior loss = 1.206 | diffusion loss = 0.560

[2026-07-12 00:49:28,246][root][INFO] - Epoch 468: duration loss = 0.289 | prior loss = 1.206 | diffusion loss = 0.559

[2026-07-12 00:50:59,388][root][INFO] - Epoch 469: duration loss = 0.290 | prior loss = 1.206 | diffusion loss = 0.559

[2026-07-12 00:52:30,686][root][INFO] - Epoch 470: duration loss = 0.289 | prior loss = 1.206 | diffusion loss = 0.563

[2026-07-12 00:54:02,355][root][INFO] - Epoch 471: duration loss = 0.289 | prior loss = 1.206 | diffusion loss = 0.557

[2026-07-12 00:55:33,691][root][INFO] - Epoch 472: duration loss = 0.290 | prior loss = 1.206 | diffusion loss = 0.560

[2026-07-12 00:57:05,027][root][INFO] - Epoch 473: duration loss = 0.289 | prior loss = 1.206 | diffusion loss = 0.561

[2026-07-12 00:58:36,249][root][INFO] - Epoch 474: duration loss = 0.289 | prior loss = 1.206 | diffusion loss = 0.559

[2026-07-12 01:00:08,290][root][INFO] - Epoch 475: duration loss = 0.289 | prior loss = 1.207 | diffusion loss = 0.559

[2026-07-12 01:01:39,404][root][INFO] - Epoch 476: duration loss = 0.289 | prior loss = 1.206 | diffusion loss = 0.558

[2026-07-12 01:03:11,230][root][INFO] - Epoch 477: duration loss = 0.289 | prior loss = 1.206 | diffusion loss = 0.557

[2026-07-12 01:04:43,360][root][INFO] - Epoch 478: duration loss = 0.290 | prior loss = 1.206 | diffusion loss = 0.559

[2026-07-12 01:06:14,033][root][INFO] - Epoch 479: duration loss = 0.289 | prior loss = 1.206 | diffusion loss = 0.560

[2026-07-12 01:07:45,071][root][INFO] - Epoch 480: duration loss = 0.289 | prior loss = 1.206 | diffusion loss = 0.557

[2026-07-12 01:09:15,825][root][INFO] - Epoch 481: duration loss = 0.289 | prior loss = 1.206 | diffusion loss = 0.558

[2026-07-12 01:10:46,874][root][INFO] - Epoch 482: duration loss = 0.290 | prior loss = 1.206 | diffusion loss = 0.558

[2026-07-12 01:12:18,199][root][INFO] - Epoch 483: duration loss = 0.289 | prior loss = 1.206 | diffusion loss = 0.563

[2026-07-12 01:13:48,629][root][INFO] - Epoch 484: duration loss = 0.289 | prior loss = 1.205 | diffusion loss = 0.561

[2026-07-12 01:15:20,328][root][INFO] - Epoch 485: duration loss = 0.289 | prior loss = 1.206 | diffusion loss = 0.559

[2026-07-12 01:16:50,807][root][INFO] - Epoch 486: duration loss = 0.290 | prior loss = 1.206 | diffusion loss = 0.557

[2026-07-12 01:18:21,618][root][INFO] - Epoch 487: duration loss = 0.289 | prior loss = 1.206 | diffusion loss = 0.556

[2026-07-12 01:19:53,137][root][INFO] - Epoch 488: duration loss = 0.289 | prior loss = 1.206 | diffusion loss = 0.558

[2026-07-12 01:21:23,987][root][INFO] - Epoch 489: duration loss = 0.290 | prior loss = 1.206 | diffusion loss = 0.558

[2026-07-12 01:22:58,400][root][INFO] - Epoch 490: duration loss = 0.289 | prior loss = 1.206 | diffusion loss = 0.557

[2026-07-12 01:24:38,856][root][INFO] - Epoch 491: duration loss = 0.290 | prior loss = 1.206 | diffusion loss = 0.559

[2026-07-12 01:26:17,995][root][INFO] - Epoch 492: duration loss = 0.289 | prior loss = 1.206 | diffusion loss = 0.559

[2026-07-12 01:27:53,418][root][INFO] - Epoch 493: duration loss = 0.290 | prior loss = 1.206 | diffusion loss = 0.560

[2026-07-12 01:29:25,036][root][INFO] - Epoch 494: duration loss = 0.289 | prior loss = 1.206 | diffusion loss = 0.560

[2026-07-12 01:30:56,097][root][INFO] - Epoch 495: duration loss = 0.289 | prior loss = 1.206 | diffusion loss = 0.557

[2026-07-12 01:32:27,233][root][INFO] - Epoch 496: duration loss = 0.289 | prior loss = 1.206 | diffusion loss = 0.560

[2026-07-12 01:33:58,129][root][INFO] - Epoch 497: duration loss = 0.289 | prior loss = 1.206 | diffusion loss = 0.555

[2026-07-12 01:35:32,540][root][INFO] - Epoch 498: duration loss = 0.289 | prior loss = 1.206 | diffusion loss = 0.556

[2026-07-12 01:37:10,584][root][INFO] - Epoch 499: duration loss = 0.289 | prior loss = 1.206 | diffusion loss = 0.558

[2026-07-12 01:38:58,514][root][INFO] - Epoch 500: duration loss = 0.286 | prior loss = 1.204 | diffusion loss = 0.559

[2026-07-12 01:40:48,243][root][INFO] - Epoch 501: duration loss = 0.284 | prior loss = 1.202 | diffusion loss = 0.557

[2026-07-12 01:42:37,774][root][INFO] - Epoch 502: duration loss = 0.283 | prior loss = 1.202 | diffusion loss = 0.558

[2026-07-12 01:44:27,257][root][INFO] - Epoch 503: duration loss = 0.283 | prior loss = 1.201 | diffusion loss = 0.557

[2026-07-12 01:46:16,848][root][INFO] - Epoch 504: duration loss = 0.283 | prior loss = 1.201 | diffusion loss = 0.556

[2026-07-12 01:48:06,518][root][INFO] - Epoch 505: duration loss = 0.282 | prior loss = 1.200 | diffusion loss = 0.556

[2026-07-12 01:49:53,836][root][INFO] - Epoch 506: duration loss = 0.282 | prior loss = 1.200 | diffusion loss = 0.556

[2026-07-12 01:51:39,583][root][INFO] - Epoch 507: duration loss = 0.282 | prior loss = 1.200 | diffusion loss = 0.555

[2026-07-12 01:53:28,085][root][INFO] - Epoch 508: duration loss = 0.282 | prior loss = 1.200 | diffusion loss = 0.555

[2026-07-12 01:55:17,657][root][INFO] - Epoch 509: duration loss = 0.281 | prior loss = 1.200 | diffusion loss = 0.558

[2026-07-12 01:57:05,938][root][INFO] - Epoch 510: duration loss = 0.281 | prior loss = 1.199 | diffusion loss = 0.559

[2026-07-12 01:58:47,050][root][INFO] - Epoch 511: duration loss = 0.281 | prior loss = 1.200 | diffusion loss = 0.556

[2026-07-12 02:00:27,712][root][INFO] - Epoch 512: duration loss = 0.280 | prior loss = 1.199 | diffusion loss = 0.554

[2026-07-12 02:02:07,912][root][INFO] - Epoch 513: duration loss = 0.281 | prior loss = 1.199 | diffusion loss = 0.555

[2026-07-12 02:03:48,145][root][INFO] - Epoch 514: duration loss = 0.280 | prior loss = 1.199 | diffusion loss = 0.558

[2026-07-12 02:05:28,400][root][INFO] - Epoch 515: duration loss = 0.281 | prior loss = 1.199 | diffusion loss = 0.556

[2026-07-12 02:07:08,957][root][INFO] - Epoch 516: duration loss = 0.280 | prior loss = 1.199 | diffusion loss = 0.555

[2026-07-12 02:08:49,270][root][INFO] - Epoch 517: duration loss = 0.281 | prior loss = 1.199 | diffusion loss = 0.556

[2026-07-12 02:10:30,411][root][INFO] - Epoch 518: duration loss = 0.281 | prior loss = 1.198 | diffusion loss = 0.555

[2026-07-12 02:12:18,275][root][INFO] - Epoch 519: duration loss = 0.281 | prior loss = 1.199 | diffusion loss = 0.556

[2026-07-12 02:14:00,563][root][INFO] - Epoch 520: duration loss = 0.280 | prior loss = 1.198 | diffusion loss = 0.555

[2026-07-12 02:15:40,518][root][INFO] - Epoch 521: duration loss = 0.280 | prior loss = 1.198 | diffusion loss = 0.556

[2026-07-12 02:17:20,518][root][INFO] - Epoch 522: duration loss = 0.280 | prior loss = 1.198 | diffusion loss = 0.556

[2026-07-12 02:19:01,001][root][INFO] - Epoch 523: duration loss = 0.280 | prior loss = 1.198 | diffusion loss = 0.555

[2026-07-12 02:20:41,121][root][INFO] - Epoch 524: duration loss = 0.280 | prior loss = 1.198 | diffusion loss = 0.555

[2026-07-12 02:22:21,325][root][INFO] - Epoch 525: duration loss = 0.279 | prior loss = 1.198 | diffusion loss = 0.558

[2026-07-12 02:24:02,023][root][INFO] - Epoch 526: duration loss = 0.280 | prior loss = 1.198 | diffusion loss = 0.555

[2026-07-12 02:25:41,891][root][INFO] - Epoch 527: duration loss = 0.280 | prior loss = 1.198 | diffusion loss = 0.552

[2026-07-12 02:27:21,900][root][INFO] - Epoch 528: duration loss = 0.279 | prior loss = 1.198 | diffusion loss = 0.557

[2026-07-12 02:29:02,063][root][INFO] - Epoch 529: duration loss = 0.279 | prior loss = 1.197 | diffusion loss = 0.557

[2026-07-12 02:30:41,812][root][INFO] - Epoch 530: duration loss = 0.280 | prior loss = 1.198 | diffusion loss = 0.551

[2026-07-12 02:32:21,489][root][INFO] - Epoch 531: duration loss = 0.279 | prior loss = 1.198 | diffusion loss = 0.553

[2026-07-12 02:34:01,469][root][INFO] - Epoch 532: duration loss = 0.280 | prior loss = 1.198 | diffusion loss = 0.554

[2026-07-12 02:35:41,547][root][INFO] - Epoch 533: duration loss = 0.279 | prior loss = 1.198 | diffusion loss = 0.556

[2026-07-12 02:37:22,000][root][INFO] - Epoch 534: duration loss = 0.279 | prior loss = 1.198 | diffusion loss = 0.552

[2026-07-12 02:39:02,076][root][INFO] - Epoch 535: duration loss = 0.280 | prior loss = 1.198 | diffusion loss = 0.556

[2026-07-12 02:40:42,789][root][INFO] - Epoch 536: duration loss = 0.279 | prior loss = 1.197 | diffusion loss = 0.553

[2026-07-12 02:42:23,103][root][INFO] - Epoch 537: duration loss = 0.279 | prior loss = 1.198 | diffusion loss = 0.551

[2026-07-12 02:44:03,064][root][INFO] - Epoch 538: duration loss = 0.279 | prior loss = 1.197 | diffusion loss = 0.553

[2026-07-12 02:45:42,926][root][INFO] - Epoch 539: duration loss = 0.279 | prior loss = 1.197 | diffusion loss = 0.555

[2026-07-12 02:47:23,133][root][INFO] - Epoch 540: duration loss = 0.278 | prior loss = 1.197 | diffusion loss = 0.554

[2026-07-12 02:49:03,036][root][INFO] - Epoch 541: duration loss = 0.279 | prior loss = 1.198 | diffusion loss = 0.552

[2026-07-12 02:50:43,120][root][INFO] - Epoch 542: duration loss = 0.279 | prior loss = 1.197 | diffusion loss = 0.554

[2026-07-12 02:52:23,577][root][INFO] - Epoch 543: duration loss = 0.279 | prior loss = 1.197 | diffusion loss = 0.555

[2026-07-12 02:54:10,632][root][INFO] - Epoch 544: duration loss = 0.279 | prior loss = 1.197 | diffusion loss = 0.554

[2026-07-12 02:55:56,730][root][INFO] - Epoch 545: duration loss = 0.279 | prior loss = 1.197 | diffusion loss = 0.557

[2026-07-12 02:57:37,415][root][INFO] - Epoch 546: duration loss = 0.279 | prior loss = 1.197 | diffusion loss = 0.554

[2026-07-12 02:59:17,255][root][INFO] - Epoch 547: duration loss = 0.279 | prior loss = 1.197 | diffusion loss = 0.554

[2026-07-12 03:00:57,367][root][INFO] - Epoch 548: duration loss = 0.279 | prior loss = 1.197 | diffusion loss = 0.554

[2026-07-12 03:02:37,454][root][INFO] - Epoch 549: duration loss = 0.278 | prior loss = 1.197 | diffusion loss = 0.555

[2026-07-12 03:04:17,671][root][INFO] - Epoch 550: duration loss = 0.279 | prior loss = 1.196 | diffusion loss = 0.553

[2026-07-12 03:05:57,488][root][INFO] - Epoch 551: duration loss = 0.279 | prior loss = 1.197 | diffusion loss = 0.553

[2026-07-12 03:07:37,485][root][INFO] - Epoch 552: duration loss = 0.279 | prior loss = 1.197 | diffusion loss = 0.550

[2026-07-12 03:09:17,261][root][INFO] - Epoch 553: duration loss = 0.279 | prior loss = 1.197 | diffusion loss = 0.554

[2026-07-12 03:10:57,114][root][INFO] - Epoch 554: duration loss = 0.278 | prior loss = 1.197 | diffusion loss = 0.553

[2026-07-12 03:12:37,042][root][INFO] - Epoch 555: duration loss = 0.278 | prior loss = 1.197 | diffusion loss = 0.553

[2026-07-12 03:14:17,061][root][INFO] - Epoch 556: duration loss = 0.278 | prior loss = 1.196 | diffusion loss = 0.555

[2026-07-12 03:15:56,852][root][INFO] - Epoch 557: duration loss = 0.278 | prior loss = 1.196 | diffusion loss = 0.551

[2026-07-12 03:17:36,385][root][INFO] - Epoch 558: duration loss = 0.278 | prior loss = 1.196 | diffusion loss = 0.553

[2026-07-12 03:19:16,048][root][INFO] - Epoch 559: duration loss = 0.278 | prior loss = 1.196 | diffusion loss = 0.551

[2026-07-12 03:20:55,856][root][INFO] - Epoch 560: duration loss = 0.278 | prior loss = 1.197 | diffusion loss = 0.555

[2026-07-12 03:22:35,297][root][INFO] - Epoch 561: duration loss = 0.278 | prior loss = 1.197 | diffusion loss = 0.550

[2026-07-12 03:24:15,159][root][INFO] - Epoch 562: duration loss = 0.278 | prior loss = 1.197 | diffusion loss = 0.552

[2026-07-12 03:25:54,973][root][INFO] - Epoch 563: duration loss = 0.278 | prior loss = 1.196 | diffusion loss = 0.550

[2026-07-12 03:27:34,299][root][INFO] - Epoch 564: duration loss = 0.278 | prior loss = 1.196 | diffusion loss = 0.553

[2026-07-12 03:29:13,716][root][INFO] - Epoch 565: duration loss = 0.278 | prior loss = 1.196 | diffusion loss = 0.552

[2026-07-12 03:30:54,058][root][INFO] - Epoch 566: duration loss = 0.278 | prior loss = 1.197 | diffusion loss = 0.554

[2026-07-12 03:32:34,088][root][INFO] - Epoch 567: duration loss = 0.278 | prior loss = 1.196 | diffusion loss = 0.553

[2026-07-12 03:34:13,771][root][INFO] - Epoch 568: duration loss = 0.278 | prior loss = 1.197 | diffusion loss = 0.553

[2026-07-12 03:35:54,350][root][INFO] - Epoch 569: duration loss = 0.278 | prior loss = 1.197 | diffusion loss = 0.551

[2026-07-12 03:37:34,504][root][INFO] - Epoch 570: duration loss = 0.277 | prior loss = 1.196 | diffusion loss = 0.552

[2026-07-12 03:39:14,270][root][INFO] - Epoch 571: duration loss = 0.278 | prior loss = 1.196 | diffusion loss = 0.553

[2026-07-12 03:40:53,534][root][INFO] - Epoch 572: duration loss = 0.278 | prior loss = 1.196 | diffusion loss = 0.554

[2026-07-12 03:42:33,038][root][INFO] - Epoch 573: duration loss = 0.278 | prior loss = 1.196 | diffusion loss = 0.555

[2026-07-12 03:44:13,083][root][INFO] - Epoch 574: duration loss = 0.278 | prior loss = 1.197 | diffusion loss = 0.553

[2026-07-12 03:45:55,277][root][INFO] - Epoch 575: duration loss = 0.278 | prior loss = 1.197 | diffusion loss = 0.551

[2026-07-12 03:47:45,249][root][INFO] - Epoch 576: duration loss = 0.278 | prior loss = 1.196 | diffusion loss = 0.553

[2026-07-12 03:49:26,231][root][INFO] - Epoch 577: duration loss = 0.278 | prior loss = 1.196 | diffusion loss = 0.553

[2026-07-12 03:51:06,689][root][INFO] - Epoch 578: duration loss = 0.278 | prior loss = 1.196 | diffusion loss = 0.552

[2026-07-12 03:52:46,661][root][INFO] - Epoch 579: duration loss = 0.277 | prior loss = 1.196 | diffusion loss = 0.553

[2026-07-12 03:54:26,571][root][INFO] - Epoch 580: duration loss = 0.278 | prior loss = 1.196 | diffusion loss = 0.551

[2026-07-12 03:56:06,484][root][INFO] - Epoch 581: duration loss = 0.278 | prior loss = 1.196 | diffusion loss = 0.550

[2026-07-12 03:57:45,994][root][INFO] - Epoch 582: duration loss = 0.277 | prior loss = 1.196 | diffusion loss = 0.550

[2026-07-12 03:59:26,807][root][INFO] - Epoch 583: duration loss = 0.278 | prior loss = 1.196 | diffusion loss = 0.551

[2026-07-12 04:01:07,026][root][INFO] - Epoch 584: duration loss = 0.277 | prior loss = 1.196 | diffusion loss = 0.553

[2026-07-12 04:02:47,413][root][INFO] - Epoch 585: duration loss = 0.278 | prior loss = 1.196 | diffusion loss = 0.552

[2026-07-12 04:04:27,022][root][INFO] - Epoch 586: duration loss = 0.277 | prior loss = 1.195 | diffusion loss = 0.553

[2026-07-12 04:06:06,586][root][INFO] - Epoch 587: duration loss = 0.278 | prior loss = 1.196 | diffusion loss = 0.552

[2026-07-12 04:07:46,259][root][INFO] - Epoch 588: duration loss = 0.277 | prior loss = 1.196 | diffusion loss = 0.555

[2026-07-12 04:09:26,016][root][INFO] - Epoch 589: duration loss = 0.278 | prior loss = 1.196 | diffusion loss = 0.549

[2026-07-12 04:11:05,791][root][INFO] - Epoch 590: duration loss = 0.277 | prior loss = 1.196 | diffusion loss = 0.554

[2026-07-12 04:12:45,519][root][INFO] - Epoch 591: duration loss = 0.278 | prior loss = 1.196 | diffusion loss = 0.550

[2026-07-12 04:14:25,598][root][INFO] - Epoch 592: duration loss = 0.278 | prior loss = 1.196 | diffusion loss = 0.552

[2026-07-12 04:16:05,398][root][INFO] - Epoch 593: duration loss = 0.277 | prior loss = 1.196 | diffusion loss = 0.549

[2026-07-12 04:17:45,567][root][INFO] - Epoch 594: duration loss = 0.278 | prior loss = 1.196 | diffusion loss = 0.552

[2026-07-12 04:19:26,118][root][INFO] - Epoch 595: duration loss = 0.277 | prior loss = 1.196 | diffusion loss = 0.549

[2026-07-12 04:21:05,966][root][INFO] - Epoch 596: duration loss = 0.277 | prior loss = 1.196 | diffusion loss = 0.550

[2026-07-12 04:22:46,176][root][INFO] - Epoch 597: duration loss = 0.278 | prior loss = 1.195 | diffusion loss = 0.549

[2026-07-12 04:24:26,417][root][INFO] - Epoch 598: duration loss = 0.277 | prior loss = 1.196 | diffusion loss = 0.551

[2026-07-12 04:26:06,113][root][INFO] - Epoch 599: duration loss = 0.277 | prior loss = 1.195 | diffusion loss = 0.552

[2026-08-01 01:35:25,748][root][INFO] - Initializing logger...
[2026-08-01 01:35:25,787][root][INFO] - Initializing data loaders...
[2026-08-01 01:35:26,757][root][INFO] - Initializing model...
[2026-08-01 01:35:27,407][root][INFO] - Number of encoder parameters = 7.20m
[2026-08-01 01:35:27,419][root][INFO] - Number of decoder parameters = 7.63m
[2026-08-01 01:35:27,789][root][INFO] - Initializing optimizer...
[2026-08-01 01:35:28,469][root][INFO] - Start training...
[2026-08-01 01:37:51,431][root][INFO] - Epoch 1: duration loss = 0.289 | prior loss = 1.206 | diffusion loss = 8.504

[2026-08-01 01:39:36,198][root][INFO] - Epoch 2: duration loss = 0.290 | prior loss = 1.206 | diffusion loss = 3.370

[2026-08-01 01:41:16,319][root][INFO] - Epoch 3: duration loss = 0.290 | prior loss = 1.206 | diffusion loss = 1.164

[2026-08-01 01:43:01,709][root][INFO] - Epoch 4: duration loss = 0.289 | prior loss = 1.206 | diffusion loss = 0.768

[2026-08-01 01:44:48,474][root][INFO] - Epoch 5: duration loss = 0.290 | prior loss = 1.206 | diffusion loss = 0.726

[2026-08-01 01:46:34,721][root][INFO] - Epoch 6: duration loss = 0.289 | prior loss = 1.206 | diffusion loss = 0.706

[2026-08-01 01:48:20,178][root][INFO] - Epoch 7: duration loss = 0.290 | prior loss = 1.206 | diffusion loss = 0.692

[2026-08-01 01:50:05,257][root][INFO] - Epoch 8: duration loss = 0.289 | prior loss = 1.206 | diffusion loss = 0.679

[2026-08-01 01:51:51,958][root][INFO] - Epoch 9: duration loss = 0.289 | prior loss = 1.206 | diffusion loss = 0.674

[2026-08-01 01:53:34,301][root][INFO] - Epoch 10: duration loss = 0.289 | prior loss = 1.206 | diffusion loss = 0.671

[2026-08-01 01:55:19,780][root][INFO] - Epoch 11: duration loss = 0.289 | prior loss = 1.206 | diffusion loss = 0.662

[2026-08-01 01:57:05,427][root][INFO] - Epoch 12: duration loss = 0.289 | prior loss = 1.206 | diffusion loss = 0.659

[2026-08-01 01:58:50,793][root][INFO] - Epoch 13: duration loss = 0.290 | prior loss = 1.206 | diffusion loss = 0.658

[2026-08-01 02:00:37,812][root][INFO] - Epoch 14: duration loss = 0.290 | prior loss = 1.206 | diffusion loss = 0.652

[2026-08-01 02:02:23,926][root][INFO] - Epoch 15: duration loss = 0.289 | prior loss = 1.206 | diffusion loss = 0.652

[2026-08-01 02:04:09,771][root][INFO] - Epoch 16: duration loss = 0.289 | prior loss = 1.206 | diffusion loss = 0.652

[2026-08-01 02:05:54,979][root][INFO] - Epoch 17: duration loss = 0.289 | prior loss = 1.205 | diffusion loss = 0.644

[2026-08-01 02:07:40,481][root][INFO] - Epoch 18: duration loss = 0.289 | prior loss = 1.206 | diffusion loss = 0.645

[2026-08-01 02:09:27,115][root][INFO] - Epoch 19: duration loss = 0.289 | prior loss = 1.206 | diffusion loss = 0.643

[2026-08-01 02:11:12,751][root][INFO] - Epoch 20: duration loss = 0.290 | prior loss = 1.206 | diffusion loss = 0.641

[2026-08-01 02:12:59,028][root][INFO] - Epoch 21: duration loss = 0.289 | prior loss = 1.206 | diffusion loss = 0.637

[2026-08-01 02:14:43,532][root][INFO] - Epoch 22: duration loss = 0.290 | prior loss = 1.206 | diffusion loss = 0.638

[2026-08-01 02:16:29,842][root][INFO] - Epoch 23: duration loss = 0.289 | prior loss = 1.206 | diffusion loss = 0.634

[2026-08-01 02:18:11,316][root][INFO] - Epoch 24: duration loss = 0.289 | prior loss = 1.206 | diffusion loss = 0.633

[2026-08-01 02:19:57,514][root][INFO] - Epoch 25: duration loss = 0.289 | prior loss = 1.206 | diffusion loss = 0.634

[2026-08-01 02:21:43,844][root][INFO] - Epoch 26: duration loss = 0.289 | prior loss = 1.205 | diffusion loss = 0.634

[2026-08-01 02:23:30,959][root][INFO] - Epoch 27: duration loss = 0.290 | prior loss = 1.206 | diffusion loss = 0.630

[2026-08-01 02:25:18,773][root][INFO] - Epoch 28: duration loss = 0.289 | prior loss = 1.206 | diffusion loss = 0.630

[2026-08-01 02:27:07,404][root][INFO] - Epoch 29: duration loss = 0.289 | prior loss = 1.206 | diffusion loss = 0.629

[2026-08-01 02:28:56,031][root][INFO] - Epoch 30: duration loss = 0.289 | prior loss = 1.206 | diffusion loss = 0.628

[2026-08-01 02:30:44,109][root][INFO] - Epoch 31: duration loss = 0.290 | prior loss = 1.206 | diffusion loss = 0.628

[2026-08-01 02:32:30,673][root][INFO] - Epoch 32: duration loss = 0.289 | prior loss = 1.206 | diffusion loss = 0.624

[2026-08-01 02:34:16,820][root][INFO] - Epoch 33: duration loss = 0.289 | prior loss = 1.206 | diffusion loss = 0.622

[2026-08-01 02:36:03,098][root][INFO] - Epoch 34: duration loss = 0.289 | prior loss = 1.206 | diffusion loss = 0.623

[2026-08-01 02:37:49,695][root][INFO] - Epoch 35: duration loss = 0.290 | prior loss = 1.206 | diffusion loss = 0.623

[2026-08-01 02:39:36,013][root][INFO] - Epoch 36: duration loss = 0.289 | prior loss = 1.206 | diffusion loss = 0.622

[2026-08-01 02:41:20,709][root][INFO] - Epoch 37: duration loss = 0.289 | prior loss = 1.206 | diffusion loss = 0.621

[2026-08-01 02:43:06,694][root][INFO] - Epoch 38: duration loss = 0.290 | prior loss = 1.206 | diffusion loss = 0.623

[2026-08-01 02:44:51,498][root][INFO] - Epoch 39: duration loss = 0.289 | prior loss = 1.206 | diffusion loss = 0.620

[2026-08-01 02:46:36,929][root][INFO] - Epoch 40: duration loss = 0.290 | prior loss = 1.206 | diffusion loss = 0.616

[2026-08-01 02:48:23,489][root][INFO] - Epoch 41: duration loss = 0.289 | prior loss = 1.206 | diffusion loss = 0.617

[2026-08-01 02:50:10,376][root][INFO] - Epoch 42: duration loss = 0.289 | prior loss = 1.206 | diffusion loss = 0.620

[2026-08-01 02:51:57,352][root][INFO] - Epoch 43: duration loss = 0.289 | prior loss = 1.206 | diffusion loss = 0.613

[2026-08-01 02:53:42,137][root][INFO] - Epoch 44: duration loss = 0.289 | prior loss = 1.206 | diffusion loss = 0.616

[2026-08-01 02:55:26,694][root][INFO] - Epoch 45: duration loss = 0.290 | prior loss = 1.206 | diffusion loss = 0.614

[2026-08-01 02:57:15,311][root][INFO] - Epoch 46: duration loss = 0.290 | prior loss = 1.206 | diffusion loss = 0.614

[2026-08-01 02:59:04,379][root][INFO] - Epoch 47: duration loss = 0.290 | prior loss = 1.206 | diffusion loss = 0.614

[2026-08-01 03:00:51,311][root][INFO] - Epoch 48: duration loss = 0.290 | prior loss = 1.206 | diffusion loss = 0.614

[2026-08-01 03:02:37,218][root][INFO] - Epoch 49: duration loss = 0.289 | prior loss = 1.206 | diffusion loss = 0.612

[2026-08-01 03:04:24,278][root][INFO] - Epoch 50: duration loss = 0.289 | prior loss = 1.206 | diffusion loss = 0.614

[2026-08-01 03:06:10,636][root][INFO] - Epoch 51: duration loss = 0.289 | prior loss = 1.206 | diffusion loss = 0.609

[2026-08-01 03:07:55,861][root][INFO] - Epoch 52: duration loss = 0.289 | prior loss = 1.206 | diffusion loss = 0.610

[2026-08-01 03:09:41,020][root][INFO] - Epoch 53: duration loss = 0.290 | prior loss = 1.206 | diffusion loss = 0.608

[2026-08-01 03:11:26,621][root][INFO] - Epoch 54: duration loss = 0.290 | prior loss = 1.206 | diffusion loss = 0.610

[2026-08-01 03:13:13,522][root][INFO] - Epoch 55: duration loss = 0.289 | prior loss = 1.206 | diffusion loss = 0.609

[2026-08-01 03:15:00,528][root][INFO] - Epoch 56: duration loss = 0.290 | prior loss = 1.206 | diffusion loss = 0.607

[2026-08-01 03:16:46,848][root][INFO] - Epoch 57: duration loss = 0.290 | prior loss = 1.206 | diffusion loss = 0.608

[2026-08-01 03:18:31,304][root][INFO] - Epoch 58: duration loss = 0.289 | prior loss = 1.206 | diffusion loss = 0.608

[2026-08-01 03:20:17,298][root][INFO] - Epoch 59: duration loss = 0.290 | prior loss = 1.206 | diffusion loss = 0.606

[2026-08-01 03:22:04,157][root][INFO] - Epoch 60: duration loss = 0.289 | prior loss = 1.206 | diffusion loss = 0.609

[2026-08-01 03:23:51,793][root][INFO] - Epoch 61: duration loss = 0.289 | prior loss = 1.206 | diffusion loss = 0.607

[2026-08-01 03:25:37,186][root][INFO] - Epoch 62: duration loss = 0.289 | prior loss = 1.206 | diffusion loss = 0.605

[2026-08-01 03:27:21,616][root][INFO] - Epoch 63: duration loss = 0.289 | prior loss = 1.206 | diffusion loss = 0.607

[2026-08-01 03:29:05,743][root][INFO] - Epoch 64: duration loss = 0.289 | prior loss = 1.206 | diffusion loss = 0.606

[2026-08-01 03:30:48,678][root][INFO] - Epoch 65: duration loss = 0.289 | prior loss = 1.206 | diffusion loss = 0.606

[2026-08-01 03:32:33,240][root][INFO] - Epoch 66: duration loss = 0.289 | prior loss = 1.206 | diffusion loss = 0.602

[2026-08-01 03:34:18,080][root][INFO] - Epoch 67: duration loss = 0.290 | prior loss = 1.206 | diffusion loss = 0.603

[2026-08-01 03:36:01,799][root][INFO] - Epoch 68: duration loss = 0.289 | prior loss = 1.206 | diffusion loss = 0.605

[2026-08-01 03:37:46,513][root][INFO] - Epoch 69: duration loss = 0.289 | prior loss = 1.206 | diffusion loss = 0.606

[2026-08-01 03:39:29,836][root][INFO] - Epoch 70: duration loss = 0.289 | prior loss = 1.206 | diffusion loss = 0.602

[2026-08-01 03:41:14,002][root][INFO] - Epoch 71: duration loss = 0.290 | prior loss = 1.206 | diffusion loss = 0.603

[2026-08-01 03:42:58,844][root][INFO] - Epoch 72: duration loss = 0.289 | prior loss = 1.206 | diffusion loss = 0.602

[2026-08-01 03:44:40,890][root][INFO] - Epoch 73: duration loss = 0.289 | prior loss = 1.206 | diffusion loss = 0.600

[2026-08-01 03:46:23,701][root][INFO] - Epoch 74: duration loss = 0.290 | prior loss = 1.206 | diffusion loss = 0.601

[2026-08-01 03:48:06,835][root][INFO] - Epoch 75: duration loss = 0.289 | prior loss = 1.206 | diffusion loss = 0.599

[2026-08-01 03:49:49,422][root][INFO] - Epoch 76: duration loss = 0.290 | prior loss = 1.206 | diffusion loss = 0.600

[2026-08-01 03:51:32,429][root][INFO] - Epoch 77: duration loss = 0.290 | prior loss = 1.206 | diffusion loss = 0.599

[2026-08-01 03:53:15,110][root][INFO] - Epoch 78: duration loss = 0.289 | prior loss = 1.206 | diffusion loss = 0.599

[2026-08-01 03:55:00,714][root][INFO] - Epoch 79: duration loss = 0.289 | prior loss = 1.206 | diffusion loss = 0.602

[2026-08-01 03:56:45,383][root][INFO] - Epoch 80: duration loss = 0.290 | prior loss = 1.206 | diffusion loss = 0.598

[2026-08-01 03:58:28,648][root][INFO] - Epoch 81: duration loss = 0.289 | prior loss = 1.206 | diffusion loss = 0.598

[2026-08-01 04:00:13,553][root][INFO] - Epoch 82: duration loss = 0.290 | prior loss = 1.206 | diffusion loss = 0.599

[2026-08-01 04:01:57,707][root][INFO] - Epoch 83: duration loss = 0.290 | prior loss = 1.206 | diffusion loss = 0.601

[2026-08-01 04:03:42,762][root][INFO] - Epoch 84: duration loss = 0.289 | prior loss = 1.206 | diffusion loss = 0.602

[2026-08-01 04:05:26,415][root][INFO] - Epoch 85: duration loss = 0.290 | prior loss = 1.206 | diffusion loss = 0.596

[2026-08-01 04:07:11,514][root][INFO] - Epoch 86: duration loss = 0.289 | prior loss = 1.206 | diffusion loss = 0.597

[2026-08-01 04:09:22,879][root][INFO] - Epoch 87: duration loss = 0.290 | prior loss = 1.206 | diffusion loss = 0.594

[2026-08-01 04:11:09,388][root][INFO] - Epoch 88: duration loss = 0.289 | prior loss = 1.206 | diffusion loss = 0.597

[2026-08-01 04:12:55,486][root][INFO] - Epoch 89: duration loss = 0.289 | prior loss = 1.206 | diffusion loss = 0.596

[2026-08-01 04:14:40,040][root][INFO] - Epoch 90: duration loss = 0.289 | prior loss = 1.206 | diffusion loss = 0.596

[2026-08-01 04:16:25,282][root][INFO] - Epoch 91: duration loss = 0.290 | prior loss = 1.206 | diffusion loss = 0.596

[2026-08-01 04:18:11,327][root][INFO] - Epoch 92: duration loss = 0.290 | prior loss = 1.206 | diffusion loss = 0.596

[2026-08-01 04:19:57,357][root][INFO] - Epoch 93: duration loss = 0.289 | prior loss = 1.206 | diffusion loss = 0.595

[2026-08-01 04:21:41,870][root][INFO] - Epoch 94: duration loss = 0.289 | prior loss = 1.206 | diffusion loss = 0.595

[2026-08-01 04:23:27,568][root][INFO] - Epoch 95: duration loss = 0.290 | prior loss = 1.206 | diffusion loss = 0.593

[2026-08-01 04:25:12,403][root][INFO] - Epoch 96: duration loss = 0.290 | prior loss = 1.206 | diffusion loss = 0.593

[2026-08-01 04:26:56,641][root][INFO] - Epoch 97: duration loss = 0.290 | prior loss = 1.206 | diffusion loss = 0.597

[2026-08-01 04:28:39,321][root][INFO] - Epoch 98: duration loss = 0.289 | prior loss = 1.206 | diffusion loss = 0.593

[2026-08-01 04:30:23,030][root][INFO] - Epoch 99: duration loss = 0.290 | prior loss = 1.207 | diffusion loss = 0.593

[2026-08-01 04:32:06,665][root][INFO] - Epoch 100: duration loss = 0.290 | prior loss = 1.206 | diffusion loss = 0.592

[2026-08-01 04:33:50,126][root][INFO] - Epoch 101: duration loss = 0.289 | prior loss = 1.206 | diffusion loss = 0.590

[2026-08-01 04:35:34,983][root][INFO] - Epoch 102: duration loss = 0.290 | prior loss = 1.206 | diffusion loss = 0.592

[2026-08-01 04:37:21,321][root][INFO] - Epoch 103: duration loss = 0.289 | prior loss = 1.206 | diffusion loss = 0.592

[2026-08-01 04:39:08,223][root][INFO] - Epoch 104: duration loss = 0.289 | prior loss = 1.206 | diffusion loss = 0.592

[2026-08-01 04:40:54,636][root][INFO] - Epoch 105: duration loss = 0.289 | prior loss = 1.206 | diffusion loss = 0.594

[2026-08-01 04:42:42,800][root][INFO] - Epoch 106: duration loss = 0.290 | prior loss = 1.206 | diffusion loss = 0.594

[2026-08-01 04:44:29,537][root][INFO] - Epoch 107: duration loss = 0.289 | prior loss = 1.206 | diffusion loss = 0.592

[2026-08-01 04:46:16,128][root][INFO] - Epoch 108: duration loss = 0.289 | prior loss = 1.206 | diffusion loss = 0.595

[2026-08-01 04:48:02,387][root][INFO] - Epoch 109: duration loss = 0.289 | prior loss = 1.206 | diffusion loss = 0.594

[2026-08-01 04:49:48,922][root][INFO] - Epoch 110: duration loss = 0.289 | prior loss = 1.206 | diffusion loss = 0.593

[2026-08-01 04:51:36,163][root][INFO] - Epoch 111: duration loss = 0.289 | prior loss = 1.206 | diffusion loss = 0.588

[2026-08-01 04:53:22,468][root][INFO] - Epoch 112: duration loss = 0.289 | prior loss = 1.206 | diffusion loss = 0.589

[2026-08-01 04:55:08,614][root][INFO] - Epoch 113: duration loss = 0.289 | prior loss = 1.206 | diffusion loss = 0.593

[2026-08-01 04:56:52,904][root][INFO] - Epoch 114: duration loss = 0.289 | prior loss = 1.206 | diffusion loss = 0.588

[2026-08-01 04:58:38,775][root][INFO] - Epoch 115: duration loss = 0.289 | prior loss = 1.206 | diffusion loss = 0.586

[2026-08-01 05:00:24,228][root][INFO] - Epoch 116: duration loss = 0.289 | prior loss = 1.206 | diffusion loss = 0.594

[2026-08-01 05:02:09,706][root][INFO] - Epoch 117: duration loss = 0.289 | prior loss = 1.206 | diffusion loss = 0.587

[2026-08-01 05:03:55,838][root][INFO] - Epoch 118: duration loss = 0.290 | prior loss = 1.206 | diffusion loss = 0.588

[2026-08-01 05:05:41,047][root][INFO] - Epoch 119: duration loss = 0.289 | prior loss = 1.206 | diffusion loss = 0.589

[2026-08-01 05:07:28,069][root][INFO] - Epoch 120: duration loss = 0.290 | prior loss = 1.206 | diffusion loss = 0.590

[2026-08-01 05:09:14,072][root][INFO] - Epoch 121: duration loss = 0.290 | prior loss = 1.206 | diffusion loss = 0.588

[2026-08-01 05:10:59,766][root][INFO] - Epoch 122: duration loss = 0.289 | prior loss = 1.206 | diffusion loss = 0.586

[2026-08-01 05:12:43,990][root][INFO] - Epoch 123: duration loss = 0.289 | prior loss = 1.206 | diffusion loss = 0.589

[2026-08-01 05:14:30,765][root][INFO] - Epoch 124: duration loss = 0.289 | prior loss = 1.206 | diffusion loss = 0.586

[2026-08-01 05:16:15,073][root][INFO] - Epoch 125: duration loss = 0.289 | prior loss = 1.206 | diffusion loss = 0.587

[2026-08-01 05:18:00,439][root][INFO] - Epoch 126: duration loss = 0.290 | prior loss = 1.206 | diffusion loss = 0.587

[2026-08-01 05:19:46,081][root][INFO] - Epoch 127: duration loss = 0.289 | prior loss = 1.206 | diffusion loss = 0.589

[2026-08-01 05:21:32,981][root][INFO] - Epoch 128: duration loss = 0.289 | prior loss = 1.206 | diffusion loss = 0.587

[2026-08-01 05:23:19,360][root][INFO] - Epoch 129: duration loss = 0.290 | prior loss = 1.206 | diffusion loss = 0.586

[2026-08-01 05:25:06,578][root][INFO] - Epoch 130: duration loss = 0.289 | prior loss = 1.206 | diffusion loss = 0.586

[2026-08-01 05:26:52,247][root][INFO] - Epoch 131: duration loss = 0.289 | prior loss = 1.206 | diffusion loss = 0.585

[2026-08-01 05:28:39,162][root][INFO] - Epoch 132: duration loss = 0.289 | prior loss = 1.206 | diffusion loss = 0.585

[2026-08-01 05:30:27,862][root][INFO] - Epoch 133: duration loss = 0.289 | prior loss = 1.206 | diffusion loss = 0.583

[2026-08-01 05:32:14,421][root][INFO] - Epoch 134: duration loss = 0.290 | prior loss = 1.206 | diffusion loss = 0.587

[2026-08-01 05:34:00,626][root][INFO] - Epoch 135: duration loss = 0.289 | prior loss = 1.206 | diffusion loss = 0.586

[2026-08-01 05:35:46,453][root][INFO] - Epoch 136: duration loss = 0.289 | prior loss = 1.206 | diffusion loss = 0.585

[2026-08-01 05:37:32,851][root][INFO] - Epoch 137: duration loss = 0.289 | prior loss = 1.206 | diffusion loss = 0.586

[2026-08-01 05:39:20,974][root][INFO] - Epoch 138: duration loss = 0.290 | prior loss = 1.206 | diffusion loss = 0.583

[2026-08-01 05:41:14,240][root][INFO] - Epoch 139: duration loss = 0.289 | prior loss = 1.206 | diffusion loss = 0.585

[2026-08-01 05:43:02,879][root][INFO] - Epoch 140: duration loss = 0.289 | prior loss = 1.206 | diffusion loss = 0.584

[2026-08-01 05:44:49,536][root][INFO] - Epoch 141: duration loss = 0.290 | prior loss = 1.206 | diffusion loss = 0.584

[2026-08-01 05:46:34,508][root][INFO] - Epoch 142: duration loss = 0.290 | prior loss = 1.206 | diffusion loss = 0.584

[2026-08-01 05:48:20,799][root][INFO] - Epoch 143: duration loss = 0.290 | prior loss = 1.206 | diffusion loss = 0.581

[2026-08-01 05:50:05,945][root][INFO] - Epoch 144: duration loss = 0.290 | prior loss = 1.206 | diffusion loss = 0.585

[2026-08-01 05:51:50,970][root][INFO] - Epoch 145: duration loss = 0.289 | prior loss = 1.206 | diffusion loss = 0.579

[2026-08-01 05:53:35,601][root][INFO] - Epoch 146: duration loss = 0.289 | prior loss = 1.206 | diffusion loss = 0.584

[2026-08-01 05:55:20,533][root][INFO] - Epoch 147: duration loss = 0.289 | prior loss = 1.206 | diffusion loss = 0.585

[2026-08-01 05:57:04,707][root][INFO] - Epoch 148: duration loss = 0.289 | prior loss = 1.206 | diffusion loss = 0.583

[2026-08-01 05:58:50,642][root][INFO] - Epoch 149: duration loss = 0.290 | prior loss = 1.206 | diffusion loss = 0.584

[2026-08-01 06:00:28,593][root][INFO] - Epoch 150: duration loss = 0.290 | prior loss = 1.206 | diffusion loss = 0.582

[2026-08-01 06:02:04,488][root][INFO] - Epoch 151: duration loss = 0.289 | prior loss = 1.206 | diffusion loss = 0.584

[2026-08-01 06:03:41,205][root][INFO] - Epoch 152: duration loss = 0.290 | prior loss = 1.206 | diffusion loss = 0.586

[2026-08-01 06:05:17,059][root][INFO] - Epoch 153: duration loss = 0.289 | prior loss = 1.206 | diffusion loss = 0.582

[2026-08-01 06:06:53,581][root][INFO] - Epoch 154: duration loss = 0.290 | prior loss = 1.206 | diffusion loss = 0.582

[2026-08-01 06:08:29,913][root][INFO] - Epoch 155: duration loss = 0.289 | prior loss = 1.206 | diffusion loss = 0.586

[2026-08-01 06:10:07,011][root][INFO] - Epoch 156: duration loss = 0.289 | prior loss = 1.205 | diffusion loss = 0.581

[2026-08-01 06:11:42,093][root][INFO] - Epoch 157: duration loss = 0.289 | prior loss = 1.206 | diffusion loss = 0.579

[2026-08-01 06:13:18,151][root][INFO] - Epoch 158: duration loss = 0.289 | prior loss = 1.206 | diffusion loss = 0.582

[2026-08-01 06:14:54,944][root][INFO] - Epoch 159: duration loss = 0.289 | prior loss = 1.206 | diffusion loss = 0.582

[2026-08-01 06:16:30,820][root][INFO] - Epoch 160: duration loss = 0.290 | prior loss = 1.206 | diffusion loss = 0.582

[2026-08-01 06:18:09,189][root][INFO] - Epoch 161: duration loss = 0.290 | prior loss = 1.206 | diffusion loss = 0.583

[2026-08-01 06:19:47,001][root][INFO] - Epoch 162: duration loss = 0.289 | prior loss = 1.206 | diffusion loss = 0.582

[2026-08-01 06:21:22,764][root][INFO] - Epoch 163: duration loss = 0.289 | prior loss = 1.206 | diffusion loss = 0.579

[2026-08-01 06:23:00,885][root][INFO] - Epoch 164: duration loss = 0.290 | prior loss = 1.206 | diffusion loss = 0.582

[2026-08-01 06:24:38,707][root][INFO] - Epoch 165: duration loss = 0.289 | prior loss = 1.206 | diffusion loss = 0.580

[2026-08-01 06:26:16,460][root][INFO] - Epoch 166: duration loss = 0.290 | prior loss = 1.206 | diffusion loss = 0.579

[2026-08-01 06:27:57,672][root][INFO] - Epoch 167: duration loss = 0.289 | prior loss = 1.206 | diffusion loss = 0.579

[2026-08-01 06:29:34,397][root][INFO] - Epoch 168: duration loss = 0.289 | prior loss = 1.206 | diffusion loss = 0.579

[2026-08-01 06:31:10,264][root][INFO] - Epoch 169: duration loss = 0.289 | prior loss = 1.206 | diffusion loss = 0.584

[2026-08-01 06:32:48,695][root][INFO] - Epoch 170: duration loss = 0.290 | prior loss = 1.206 | diffusion loss = 0.580

[2026-08-01 06:34:24,508][root][INFO] - Epoch 171: duration loss = 0.290 | prior loss = 1.206 | diffusion loss = 0.578

[2026-08-01 06:36:03,260][root][INFO] - Epoch 172: duration loss = 0.290 | prior loss = 1.206 | diffusion loss = 0.580

[2026-08-01 06:37:40,383][root][INFO] - Epoch 173: duration loss = 0.289 | prior loss = 1.206 | diffusion loss = 0.579

[2026-08-01 06:39:18,124][root][INFO] - Epoch 174: duration loss = 0.290 | prior loss = 1.206 | diffusion loss = 0.580

[2026-08-01 06:40:54,510][root][INFO] - Epoch 175: duration loss = 0.289 | prior loss = 1.206 | diffusion loss = 0.580

[2026-08-01 06:42:32,115][root][INFO] - Epoch 176: duration loss = 0.289 | prior loss = 1.206 | diffusion loss = 0.579

[2026-08-01 06:44:10,152][root][INFO] - Epoch 177: duration loss = 0.289 | prior loss = 1.206 | diffusion loss = 0.578

[2026-08-01 06:45:53,655][root][INFO] - Epoch 178: duration loss = 0.289 | prior loss = 1.206 | diffusion loss = 0.578

[2026-08-01 06:47:32,822][root][INFO] - Epoch 179: duration loss = 0.289 | prior loss = 1.206 | diffusion loss = 0.579

[2026-08-01 06:49:11,190][root][INFO] - Epoch 180: duration loss = 0.289 | prior loss = 1.206 | diffusion loss = 0.577

[2026-08-01 06:50:52,694][root][INFO] - Epoch 181: duration loss = 0.289 | prior loss = 1.206 | diffusion loss = 0.579

[2026-08-01 06:52:35,171][root][INFO] - Epoch 182: duration loss = 0.290 | prior loss = 1.206 | diffusion loss = 0.580

[2026-08-01 06:54:14,974][root][INFO] - Epoch 183: duration loss = 0.289 | prior loss = 1.206 | diffusion loss = 0.579

[2026-08-01 06:55:55,852][root][INFO] - Epoch 184: duration loss = 0.290 | prior loss = 1.206 | diffusion loss = 0.580

[2026-08-01 06:57:36,957][root][INFO] - Epoch 185: duration loss = 0.289 | prior loss = 1.206 | diffusion loss = 0.580

[2026-08-01 06:59:18,440][root][INFO] - Epoch 186: duration loss = 0.290 | prior loss = 1.206 | diffusion loss = 0.579

[2026-08-01 07:00:58,368][root][INFO] - Epoch 187: duration loss = 0.289 | prior loss = 1.206 | diffusion loss = 0.578

[2026-08-01 07:02:40,841][root][INFO] - Epoch 188: duration loss = 0.289 | prior loss = 1.205 | diffusion loss = 0.580

[2026-08-01 07:04:22,044][root][INFO] - Epoch 189: duration loss = 0.289 | prior loss = 1.206 | diffusion loss = 0.577

[2026-08-01 07:06:01,647][root][INFO] - Epoch 190: duration loss = 0.290 | prior loss = 1.206 | diffusion loss = 0.574

[2026-08-01 07:07:45,112][root][INFO] - Epoch 191: duration loss = 0.289 | prior loss = 1.206 | diffusion loss = 0.577

[2026-08-01 07:09:31,016][root][INFO] - Epoch 192: duration loss = 0.289 | prior loss = 1.206 | diffusion loss = 0.579

[2026-08-01 07:11:16,999][root][INFO] - Epoch 193: duration loss = 0.289 | prior loss = 1.206 | diffusion loss = 0.578

[2026-08-01 07:13:02,521][root][INFO] - Epoch 194: duration loss = 0.290 | prior loss = 1.206 | diffusion loss = 0.578

[2026-08-01 07:14:48,873][root][INFO] - Epoch 195: duration loss = 0.290 | prior loss = 1.206 | diffusion loss = 0.577

[2026-08-01 07:16:35,100][root][INFO] - Epoch 196: duration loss = 0.289 | prior loss = 1.206 | diffusion loss = 0.577

[2026-08-01 07:18:20,297][root][INFO] - Epoch 197: duration loss = 0.289 | prior loss = 1.206 | diffusion loss = 0.578

[2026-08-01 07:20:05,427][root][INFO] - Epoch 198: duration loss = 0.290 | prior loss = 1.207 | diffusion loss = 0.577

[2026-08-01 07:21:51,527][root][INFO] - Epoch 199: duration loss = 0.289 | prior loss = 1.206 | diffusion loss = 0.578

[2026-08-01 07:23:36,169][root][INFO] - Epoch 200: duration loss = 0.289 | prior loss = 1.206 | diffusion loss = 0.577

[2026-08-01 07:25:20,177][root][INFO] - Epoch 201: duration loss = 0.289 | prior loss = 1.206 | diffusion loss = 0.576

[2026-08-01 07:27:06,939][root][INFO] - Epoch 202: duration loss = 0.290 | prior loss = 1.206 | diffusion loss = 0.577

[2026-08-01 07:28:49,906][root][INFO] - Epoch 203: duration loss = 0.290 | prior loss = 1.206 | diffusion loss = 0.574

[2026-08-01 07:30:34,522][root][INFO] - Epoch 204: duration loss = 0.289 | prior loss = 1.206 | diffusion loss = 0.576

[2026-08-01 07:32:19,250][root][INFO] - Epoch 205: duration loss = 0.290 | prior loss = 1.206 | diffusion loss = 0.575

[2026-08-01 07:34:04,534][root][INFO] - Epoch 206: duration loss = 0.290 | prior loss = 1.206 | diffusion loss = 0.572

[2026-08-01 07:35:48,090][root][INFO] - Epoch 207: duration loss = 0.289 | prior loss = 1.206 | diffusion loss = 0.577

[2026-08-01 07:37:34,441][root][INFO] - Epoch 208: duration loss = 0.289 | prior loss = 1.206 | diffusion loss = 0.576

[2026-08-01 07:39:20,484][root][INFO] - Epoch 209: duration loss = 0.289 | prior loss = 1.206 | diffusion loss = 0.578

[2026-08-01 07:41:06,876][root][INFO] - Epoch 210: duration loss = 0.290 | prior loss = 1.206 | diffusion loss = 0.574

[2026-08-01 07:42:53,631][root][INFO] - Epoch 211: duration loss = 0.289 | prior loss = 1.206 | diffusion loss = 0.575

[2026-08-01 07:44:39,195][root][INFO] - Epoch 212: duration loss = 0.290 | prior loss = 1.207 | diffusion loss = 0.578

[2026-08-01 07:46:26,152][root][INFO] - Epoch 213: duration loss = 0.289 | prior loss = 1.206 | diffusion loss = 0.577

[2026-08-01 07:48:10,344][root][INFO] - Epoch 214: duration loss = 0.290 | prior loss = 1.206 | diffusion loss = 0.573

[2026-08-01 07:49:56,465][root][INFO] - Epoch 215: duration loss = 0.289 | prior loss = 1.206 | diffusion loss = 0.575

[2026-08-01 07:51:39,391][root][INFO] - Epoch 216: duration loss = 0.289 | prior loss = 1.206 | diffusion loss = 0.574

[2026-08-01 07:53:22,621][root][INFO] - Epoch 217: duration loss = 0.290 | prior loss = 1.206 | diffusion loss = 0.578

[2026-08-01 07:55:07,601][root][INFO] - Epoch 218: duration loss = 0.289 | prior loss = 1.207 | diffusion loss = 0.572

[2026-08-01 07:56:53,146][root][INFO] - Epoch 219: duration loss = 0.289 | prior loss = 1.206 | diffusion loss = 0.575

[2026-08-01 07:58:37,993][root][INFO] - Epoch 220: duration loss = 0.289 | prior loss = 1.206 | diffusion loss = 0.574

[2026-08-01 08:00:24,757][root][INFO] - Epoch 221: duration loss = 0.290 | prior loss = 1.206 | diffusion loss = 0.575

[2026-08-01 08:02:07,557][root][INFO] - Epoch 222: duration loss = 0.289 | prior loss = 1.206 | diffusion loss = 0.573

[2026-08-01 08:03:49,353][root][INFO] - Epoch 223: duration loss = 0.290 | prior loss = 1.206 | diffusion loss = 0.573

[2026-08-01 08:05:34,259][root][INFO] - Epoch 224: duration loss = 0.289 | prior loss = 1.206 | diffusion loss = 0.574

[2026-08-01 08:07:18,591][root][INFO] - Epoch 225: duration loss = 0.289 | prior loss = 1.206 | diffusion loss = 0.574

[2026-08-01 08:09:04,406][root][INFO] - Epoch 226: duration loss = 0.290 | prior loss = 1.206 | diffusion loss = 0.575

[2026-08-01 08:10:47,242][root][INFO] - Epoch 227: duration loss = 0.289 | prior loss = 1.206 | diffusion loss = 0.575

[2026-08-01 08:12:31,592][root][INFO] - Epoch 228: duration loss = 0.289 | prior loss = 1.206 | diffusion loss = 0.572

[2026-08-01 08:14:16,951][root][INFO] - Epoch 229: duration loss = 0.289 | prior loss = 1.206 | diffusion loss = 0.571

[2026-08-01 08:15:59,871][root][INFO] - Epoch 230: duration loss = 0.289 | prior loss = 1.206 | diffusion loss = 0.573

[2026-08-01 08:17:44,572][root][INFO] - Epoch 231: duration loss = 0.289 | prior loss = 1.206 | diffusion loss = 0.575

[2026-08-01 08:19:29,946][root][INFO] - Epoch 232: duration loss = 0.289 | prior loss = 1.206 | diffusion loss = 0.576

[2026-08-01 08:21:16,991][root][INFO] - Epoch 233: duration loss = 0.289 | prior loss = 1.206 | diffusion loss = 0.575

[2026-08-01 08:23:02,897][root][INFO] - Epoch 234: duration loss = 0.289 | prior loss = 1.206 | diffusion loss = 0.574

[2026-08-01 08:24:48,243][root][INFO] - Epoch 235: duration loss = 0.290 | prior loss = 1.206 | diffusion loss = 0.577

[2026-08-01 08:26:33,768][root][INFO] - Epoch 236: duration loss = 0.289 | prior loss = 1.206 | diffusion loss = 0.573

[2026-08-01 08:28:17,785][root][INFO] - Epoch 237: duration loss = 0.290 | prior loss = 1.206 | diffusion loss = 0.575

[2026-08-01 08:30:05,307][root][INFO] - Epoch 238: duration loss = 0.290 | prior loss = 1.206 | diffusion loss = 0.570

[2026-08-01 08:31:50,000][root][INFO] - Epoch 239: duration loss = 0.289 | prior loss = 1.206 | diffusion loss = 0.573

[2026-08-01 08:33:37,253][root][INFO] - Epoch 240: duration loss = 0.290 | prior loss = 1.206 | diffusion loss = 0.570

[2026-08-01 08:35:24,023][root][INFO] - Epoch 241: duration loss = 0.289 | prior loss = 1.206 | diffusion loss = 0.574

[2026-08-01 08:37:10,266][root][INFO] - Epoch 242: duration loss = 0.289 | prior loss = 1.206 | diffusion loss = 0.573

[2026-08-01 08:38:56,082][root][INFO] - Epoch 243: duration loss = 0.290 | prior loss = 1.206 | diffusion loss = 0.573

[2026-08-01 08:40:42,351][root][INFO] - Epoch 244: duration loss = 0.289 | prior loss = 1.206 | diffusion loss = 0.575

[2026-08-01 08:42:24,881][root][INFO] - Epoch 245: duration loss = 0.289 | prior loss = 1.206 | diffusion loss = 0.570

[2026-08-01 08:44:09,782][root][INFO] - Epoch 246: duration loss = 0.289 | prior loss = 1.206 | diffusion loss = 0.572

[2026-08-01 08:45:54,267][root][INFO] - Epoch 247: duration loss = 0.289 | prior loss = 1.206 | diffusion loss = 0.572

[2026-08-01 08:47:39,933][root][INFO] - Epoch 248: duration loss = 0.289 | prior loss = 1.206 | diffusion loss = 0.572

[2026-08-01 08:49:24,360][root][INFO] - Epoch 249: duration loss = 0.289 | prior loss = 1.206 | diffusion loss = 0.575

[2026-08-01 08:51:09,087][root][INFO] - Epoch 250: duration loss = 0.289 | prior loss = 1.206 | diffusion loss = 0.573

[2026-08-01 08:52:54,252][root][INFO] - Epoch 251: duration loss = 0.289 | prior loss = 1.206 | diffusion loss = 0.574

[2026-08-01 08:54:38,221][root][INFO] - Epoch 252: duration loss = 0.289 | prior loss = 1.206 | diffusion loss = 0.573

[2026-08-01 08:56:22,310][root][INFO] - Epoch 253: duration loss = 0.289 | prior loss = 1.206 | diffusion loss = 0.571

[2026-08-01 08:58:07,227][root][INFO] - Epoch 254: duration loss = 0.289 | prior loss = 1.206 | diffusion loss = 0.572

[2026-08-01 08:59:51,699][root][INFO] - Epoch 255: duration loss = 0.289 | prior loss = 1.206 | diffusion loss = 0.572

[2026-08-01 09:01:36,822][root][INFO] - Epoch 256: duration loss = 0.289 | prior loss = 1.206 | diffusion loss = 0.568

[2026-08-01 09:03:19,894][root][INFO] - Epoch 257: duration loss = 0.289 | prior loss = 1.206 | diffusion loss = 0.572

[2026-08-01 09:05:05,230][root][INFO] - Epoch 258: duration loss = 0.290 | prior loss = 1.206 | diffusion loss = 0.568

[2026-08-01 09:06:50,073][root][INFO] - Epoch 259: duration loss = 0.290 | prior loss = 1.206 | diffusion loss = 0.571

[2026-08-01 09:08:34,458][root][INFO] - Epoch 260: duration loss = 0.289 | prior loss = 1.206 | diffusion loss = 0.569

[2026-08-01 09:10:19,502][root][INFO] - Epoch 261: duration loss = 0.289 | prior loss = 1.206 | diffusion loss = 0.573

[2026-08-01 09:12:03,980][root][INFO] - Epoch 262: duration loss = 0.289 | prior loss = 1.206 | diffusion loss = 0.570

[2026-08-01 09:13:49,947][root][INFO] - Epoch 263: duration loss = 0.289 | prior loss = 1.206 | diffusion loss = 0.569

[2026-08-01 09:15:35,739][root][INFO] - Epoch 264: duration loss = 0.289 | prior loss = 1.206 | diffusion loss = 0.565

[2026-08-01 09:17:20,565][root][INFO] - Epoch 265: duration loss = 0.289 | prior loss = 1.206 | diffusion loss = 0.570

[2026-08-01 09:19:04,829][root][INFO] - Epoch 266: duration loss = 0.290 | prior loss = 1.206 | diffusion loss = 0.573

[2026-08-01 09:20:48,597][root][INFO] - Epoch 267: duration loss = 0.290 | prior loss = 1.206 | diffusion loss = 0.568

[2026-08-01 09:22:33,414][root][INFO] - Epoch 268: duration loss = 0.290 | prior loss = 1.206 | diffusion loss = 0.574

[2026-08-01 09:24:19,886][root][INFO] - Epoch 269: duration loss = 0.290 | prior loss = 1.207 | diffusion loss = 0.571

[2026-08-01 09:26:09,003][root][INFO] - Epoch 270: duration loss = 0.290 | prior loss = 1.206 | diffusion loss = 0.572

[2026-08-01 09:27:57,956][root][INFO] - Epoch 271: duration loss = 0.290 | prior loss = 1.206 | diffusion loss = 0.569

[2026-08-01 09:29:44,910][root][INFO] - Epoch 272: duration loss = 0.289 | prior loss = 1.206 | diffusion loss = 0.570

[2026-08-01 09:31:32,559][root][INFO] - Epoch 273: duration loss = 0.289 | prior loss = 1.206 | diffusion loss = 0.571

[2026-08-01 09:33:19,485][root][INFO] - Epoch 274: duration loss = 0.289 | prior loss = 1.206 | diffusion loss = 0.568

[2026-08-01 09:35:06,162][root][INFO] - Epoch 275: duration loss = 0.289 | prior loss = 1.206 | diffusion loss = 0.569

[2026-08-01 09:36:53,130][root][INFO] - Epoch 276: duration loss = 0.289 | prior loss = 1.206 | diffusion loss = 0.569

[2026-08-01 09:38:40,606][root][INFO] - Epoch 277: duration loss = 0.289 | prior loss = 1.206 | diffusion loss = 0.569

[2026-08-01 09:40:28,818][root][INFO] - Epoch 278: duration loss = 0.289 | prior loss = 1.206 | diffusion loss = 0.571

[2026-08-01 09:42:16,154][root][INFO] - Epoch 279: duration loss = 0.289 | prior loss = 1.206 | diffusion loss = 0.571

[2026-08-01 09:44:03,744][root][INFO] - Epoch 280: duration loss = 0.289 | prior loss = 1.206 | diffusion loss = 0.566

[2026-08-01 09:45:51,275][root][INFO] - Epoch 281: duration loss = 0.289 | prior loss = 1.206 | diffusion loss = 0.566

[2026-08-01 09:47:37,764][root][INFO] - Epoch 282: duration loss = 0.290 | prior loss = 1.206 | diffusion loss = 0.570

[2026-08-01 09:49:25,134][root][INFO] - Epoch 283: duration loss = 0.289 | prior loss = 1.206 | diffusion loss = 0.570

[2026-08-01 09:51:13,826][root][INFO] - Epoch 284: duration loss = 0.290 | prior loss = 1.206 | diffusion loss = 0.570

[2026-08-01 09:53:01,982][root][INFO] - Epoch 285: duration loss = 0.289 | prior loss = 1.206 | diffusion loss = 0.567

[2026-08-01 09:54:49,294][root][INFO] - Epoch 286: duration loss = 0.289 | prior loss = 1.206 | diffusion loss = 0.568

[2026-08-01 09:56:34,032][root][INFO] - Epoch 287: duration loss = 0.290 | prior loss = 1.206 | diffusion loss = 0.565

[2026-08-01 09:58:19,165][root][INFO] - Epoch 288: duration loss = 0.290 | prior loss = 1.206 | diffusion loss = 0.568

[2026-08-01 10:00:06,560][root][INFO] - Epoch 289: duration loss = 0.289 | prior loss = 1.206 | diffusion loss = 0.569

[2026-08-01 10:01:52,406][root][INFO] - Epoch 290: duration loss = 0.290 | prior loss = 1.206 | diffusion loss = 0.569

[2026-08-01 10:03:37,475][root][INFO] - Epoch 291: duration loss = 0.289 | prior loss = 1.206 | diffusion loss = 0.570

[2026-08-01 10:05:23,183][root][INFO] - Epoch 292: duration loss = 0.289 | prior loss = 1.206 | diffusion loss = 0.567

[2026-08-01 10:07:09,261][root][INFO] - Epoch 293: duration loss = 0.290 | prior loss = 1.206 | diffusion loss = 0.569

[2026-08-01 10:08:53,439][root][INFO] - Epoch 294: duration loss = 0.290 | prior loss = 1.206 | diffusion loss = 0.570

[2026-08-01 10:10:38,788][root][INFO] - Epoch 295: duration loss = 0.289 | prior loss = 1.206 | diffusion loss = 0.568

[2026-08-01 10:12:23,201][root][INFO] - Epoch 296: duration loss = 0.289 | prior loss = 1.206 | diffusion loss = 0.569

[2026-08-01 10:14:09,065][root][INFO] - Epoch 297: duration loss = 0.289 | prior loss = 1.206 | diffusion loss = 0.567

[2026-08-01 10:15:53,996][root][INFO] - Epoch 298: duration loss = 0.289 | prior loss = 1.206 | diffusion loss = 0.567

[2026-08-01 10:17:41,311][root][INFO] - Epoch 299: duration loss = 0.289 | prior loss = 1.206 | diffusion loss = 0.566

[2026-08-01 10:19:28,904][root][INFO] - Epoch 300: duration loss = 0.289 | prior loss = 1.206 | diffusion loss = 0.568

[2026-08-01 10:21:16,719][root][INFO] - Epoch 301: duration loss = 0.290 | prior loss = 1.206 | diffusion loss = 0.568

[2026-08-01 10:23:04,191][root][INFO] - Epoch 302: duration loss = 0.289 | prior loss = 1.206 | diffusion loss = 0.569

[2026-08-01 10:24:49,766][root][INFO] - Epoch 303: duration loss = 0.289 | prior loss = 1.206 | diffusion loss = 0.569

[2026-08-01 10:26:36,117][root][INFO] - Epoch 304: duration loss = 0.289 | prior loss = 1.206 | diffusion loss = 0.566

[2026-08-01 10:28:23,859][root][INFO] - Epoch 305: duration loss = 0.290 | prior loss = 1.206 | diffusion loss = 0.568

[2026-08-01 10:30:11,241][root][INFO] - Epoch 306: duration loss = 0.290 | prior loss = 1.206 | diffusion loss = 0.568

[2026-08-01 10:31:58,635][root][INFO] - Epoch 307: duration loss = 0.290 | prior loss = 1.206 | diffusion loss = 0.570

[2026-08-01 10:33:46,414][root][INFO] - Epoch 308: duration loss = 0.289 | prior loss = 1.206 | diffusion loss = 0.566

[2026-08-01 10:35:33,178][root][INFO] - Epoch 309: duration loss = 0.289 | prior loss = 1.206 | diffusion loss = 0.568

[2026-08-01 10:37:13,276][root][INFO] - Epoch 310: duration loss = 0.289 | prior loss = 1.206 | diffusion loss = 0.569

[2026-08-01 10:38:57,752][root][INFO] - Epoch 311: duration loss = 0.290 | prior loss = 1.206 | diffusion loss = 0.567

[2026-08-01 10:40:45,452][root][INFO] - Epoch 312: duration loss = 0.290 | prior loss = 1.206 | diffusion loss = 0.568

[2026-08-01 10:42:33,944][root][INFO] - Epoch 313: duration loss = 0.290 | prior loss = 1.206 | diffusion loss = 0.568

[2026-08-01 10:44:23,464][root][INFO] - Epoch 314: duration loss = 0.289 | prior loss = 1.206 | diffusion loss = 0.568

[2026-08-01 10:46:12,285][root][INFO] - Epoch 315: duration loss = 0.289 | prior loss = 1.206 | diffusion loss = 0.567

[2026-08-01 10:48:00,514][root][INFO] - Epoch 316: duration loss = 0.290 | prior loss = 1.206 | diffusion loss = 0.567

[2026-08-01 10:49:49,181][root][INFO] - Epoch 317: duration loss = 0.289 | prior loss = 1.206 | diffusion loss = 0.566

[2026-08-01 10:51:37,245][root][INFO] - Epoch 318: duration loss = 0.289 | prior loss = 1.206 | diffusion loss = 0.566

[2026-08-01 10:53:23,202][root][INFO] - Epoch 319: duration loss = 0.290 | prior loss = 1.206 | diffusion loss = 0.566

[2026-08-01 10:55:09,927][root][INFO] - Epoch 320: duration loss = 0.290 | prior loss = 1.206 | diffusion loss = 0.564

[2026-08-01 10:56:57,022][root][INFO] - Epoch 321: duration loss = 0.290 | prior loss = 1.206 | diffusion loss = 0.568

[2026-08-01 10:58:42,787][root][INFO] - Epoch 322: duration loss = 0.290 | prior loss = 1.206 | diffusion loss = 0.567

[2026-08-01 11:00:29,081][root][INFO] - Epoch 323: duration loss = 0.289 | prior loss = 1.206 | diffusion loss = 0.566

[2026-08-01 11:02:15,294][root][INFO] - Epoch 324: duration loss = 0.289 | prior loss = 1.206 | diffusion loss = 0.567

[2026-08-01 11:04:00,734][root][INFO] - Epoch 325: duration loss = 0.290 | prior loss = 1.206 | diffusion loss = 0.565

[2026-08-01 11:05:47,570][root][INFO] - Epoch 326: duration loss = 0.289 | prior loss = 1.206 | diffusion loss = 0.567

[2026-08-01 11:07:32,599][root][INFO] - Epoch 327: duration loss = 0.289 | prior loss = 1.206 | diffusion loss = 0.566

[2026-08-01 11:09:18,840][root][INFO] - Epoch 328: duration loss = 0.289 | prior loss = 1.207 | diffusion loss = 0.567

[2026-08-01 11:11:05,146][root][INFO] - Epoch 329: duration loss = 0.289 | prior loss = 1.206 | diffusion loss = 0.565

[2026-08-01 11:12:53,368][root][INFO] - Epoch 330: duration loss = 0.289 | prior loss = 1.206 | diffusion loss = 0.565

[2026-08-01 11:14:38,116][root][INFO] - Epoch 331: duration loss = 0.290 | prior loss = 1.206 | diffusion loss = 0.568

[2026-08-01 11:16:24,537][root][INFO] - Epoch 332: duration loss = 0.290 | prior loss = 1.206 | diffusion loss = 0.564

[2026-08-01 11:18:12,029][root][INFO] - Epoch 333: duration loss = 0.289 | prior loss = 1.206 | diffusion loss = 0.565

[2026-08-01 11:19:56,051][root][INFO] - Epoch 334: duration loss = 0.289 | prior loss = 1.205 | diffusion loss = 0.568

[2026-08-01 11:21:39,745][root][INFO] - Epoch 335: duration loss = 0.289 | prior loss = 1.206 | diffusion loss = 0.565

[2026-08-01 11:23:23,463][root][INFO] - Epoch 336: duration loss = 0.289 | prior loss = 1.206 | diffusion loss = 0.566

[2026-08-01 11:25:05,982][root][INFO] - Epoch 337: duration loss = 0.289 | prior loss = 1.206 | diffusion loss = 0.566

[2026-08-01 11:26:49,111][root][INFO] - Epoch 338: duration loss = 0.289 | prior loss = 1.206 | diffusion loss = 0.565

[2026-08-01 11:28:32,311][root][INFO] - Epoch 339: duration loss = 0.289 | prior loss = 1.206 | diffusion loss = 0.567

[2026-08-01 11:30:15,658][root][INFO] - Epoch 340: duration loss = 0.290 | prior loss = 1.206 | diffusion loss = 0.566

[2026-08-01 11:32:00,481][root][INFO] - Epoch 341: duration loss = 0.289 | prior loss = 1.206 | diffusion loss = 0.566

[2026-08-01 11:33:46,476][root][INFO] - Epoch 342: duration loss = 0.289 | prior loss = 1.206 | diffusion loss = 0.566

[2026-08-01 11:35:31,026][root][INFO] - Epoch 343: duration loss = 0.290 | prior loss = 1.207 | diffusion loss = 0.564

[2026-08-01 11:37:14,704][root][INFO] - Epoch 344: duration loss = 0.289 | prior loss = 1.206 | diffusion loss = 0.565

[2026-08-01 11:39:00,261][root][INFO] - Epoch 345: duration loss = 0.289 | prior loss = 1.206 | diffusion loss = 0.564

[2026-08-01 11:40:46,383][root][INFO] - Epoch 346: duration loss = 0.290 | prior loss = 1.206 | diffusion loss = 0.564

[2026-08-01 11:42:31,939][root][INFO] - Epoch 347: duration loss = 0.289 | prior loss = 1.206 | diffusion loss = 0.568

[2026-08-01 11:44:19,356][root][INFO] - Epoch 348: duration loss = 0.289 | prior loss = 1.206 | diffusion loss = 0.568

[2026-08-01 11:46:05,940][root][INFO] - Epoch 349: duration loss = 0.289 | prior loss = 1.206 | diffusion loss = 0.568

[2026-08-01 11:47:53,103][root][INFO] - Epoch 350: duration loss = 0.290 | prior loss = 1.206 | diffusion loss = 0.567

[2026-08-01 11:49:40,525][root][INFO] - Epoch 351: duration loss = 0.289 | prior loss = 1.206 | diffusion loss = 0.564

[2026-08-01 11:51:28,758][root][INFO] - Epoch 352: duration loss = 0.290 | prior loss = 1.205 | diffusion loss = 0.565

[2026-08-01 11:53:16,186][root][INFO] - Epoch 353: duration loss = 0.290 | prior loss = 1.206 | diffusion loss = 0.566

[2026-08-01 11:55:03,487][root][INFO] - Epoch 354: duration loss = 0.290 | prior loss = 1.206 | diffusion loss = 0.566

[2026-08-01 11:56:50,941][root][INFO] - Epoch 355: duration loss = 0.289 | prior loss = 1.206 | diffusion loss = 0.564

[2026-08-01 11:58:38,520][root][INFO] - Epoch 356: duration loss = 0.289 | prior loss = 1.206 | diffusion loss = 0.565

[2026-08-01 12:00:27,194][root][INFO] - Epoch 357: duration loss = 0.289 | prior loss = 1.206 | diffusion loss = 0.565

[2026-08-01 12:02:13,922][root][INFO] - Epoch 358: duration loss = 0.289 | prior loss = 1.206 | diffusion loss = 0.564

[2026-08-01 12:04:02,069][root][INFO] - Epoch 359: duration loss = 0.290 | prior loss = 1.206 | diffusion loss = 0.564

[2026-08-01 12:05:50,742][root][INFO] - Epoch 360: duration loss = 0.289 | prior loss = 1.206 | diffusion loss = 0.566

[2026-08-01 12:07:38,956][root][INFO] - Epoch 361: duration loss = 0.289 | prior loss = 1.207 | diffusion loss = 0.567

[2026-08-01 12:09:27,612][root][INFO] - Epoch 362: duration loss = 0.289 | prior loss = 1.206 | diffusion loss = 0.561

[2026-08-01 12:11:17,013][root][INFO] - Epoch 363: duration loss = 0.289 | prior loss = 1.206 | diffusion loss = 0.566

[2026-08-01 12:13:05,149][root][INFO] - Epoch 364: duration loss = 0.289 | prior loss = 1.206 | diffusion loss = 0.562

[2026-08-01 12:14:54,281][root][INFO] - Epoch 365: duration loss = 0.289 | prior loss = 1.206 | diffusion loss = 0.565

[2026-08-01 12:16:42,712][root][INFO] - Epoch 366: duration loss = 0.290 | prior loss = 1.206 | diffusion loss = 0.565

[2026-08-01 12:18:29,896][root][INFO] - Epoch 367: duration loss = 0.290 | prior loss = 1.206 | diffusion loss = 0.564

[2026-08-01 12:20:17,844][root][INFO] - Epoch 368: duration loss = 0.289 | prior loss = 1.206 | diffusion loss = 0.564

[2026-08-01 12:22:03,411][root][INFO] - Epoch 369: duration loss = 0.289 | prior loss = 1.206 | diffusion loss = 0.563

[2026-08-01 12:23:50,874][root][INFO] - Epoch 370: duration loss = 0.290 | prior loss = 1.206 | diffusion loss = 0.563

[2026-08-01 12:25:39,142][root][INFO] - Epoch 371: duration loss = 0.289 | prior loss = 1.206 | diffusion loss = 0.567

[2026-08-01 12:27:27,252][root][INFO] - Epoch 372: duration loss = 0.289 | prior loss = 1.206 | diffusion loss = 0.563

[2026-08-01 12:29:14,694][root][INFO] - Epoch 373: duration loss = 0.289 | prior loss = 1.206 | diffusion loss = 0.565

[2026-08-01 12:31:00,660][root][INFO] - Epoch 374: duration loss = 0.289 | prior loss = 1.206 | diffusion loss = 0.564

[2026-08-01 12:32:47,666][root][INFO] - Epoch 375: duration loss = 0.290 | prior loss = 1.206 | diffusion loss = 0.564

[2026-08-01 12:34:34,425][root][INFO] - Epoch 376: duration loss = 0.289 | prior loss = 1.206 | diffusion loss = 0.562

[2026-08-01 12:36:23,221][root][INFO] - Epoch 377: duration loss = 0.289 | prior loss = 1.206 | diffusion loss = 0.563

[2026-08-01 12:38:11,580][root][INFO] - Epoch 378: duration loss = 0.290 | prior loss = 1.206 | diffusion loss = 0.567

[2026-08-01 12:39:59,119][root][INFO] - Epoch 379: duration loss = 0.290 | prior loss = 1.206 | diffusion loss = 0.565

[2026-08-01 12:41:47,236][root][INFO] - Epoch 380: duration loss = 0.290 | prior loss = 1.206 | diffusion loss = 0.562

[2026-08-01 12:43:34,535][root][INFO] - Epoch 381: duration loss = 0.290 | prior loss = 1.206 | diffusion loss = 0.566

[2026-08-01 12:45:23,027][root][INFO] - Epoch 382: duration loss = 0.289 | prior loss = 1.206 | diffusion loss = 0.563

[2026-08-01 12:47:10,439][root][INFO] - Epoch 383: duration loss = 0.289 | prior loss = 1.206 | diffusion loss = 0.563

[2026-08-01 12:48:59,416][root][INFO] - Epoch 384: duration loss = 0.289 | prior loss = 1.206 | diffusion loss = 0.562

[2026-08-01 12:50:45,662][root][INFO] - Epoch 385: duration loss = 0.289 | prior loss = 1.206 | diffusion loss = 0.560

[2026-08-01 12:52:33,238][root][INFO] - Epoch 386: duration loss = 0.290 | prior loss = 1.206 | diffusion loss = 0.562

[2026-08-01 12:54:19,032][root][INFO] - Epoch 387: duration loss = 0.289 | prior loss = 1.206 | diffusion loss = 0.564

[2026-08-01 12:56:04,822][root][INFO] - Epoch 388: duration loss = 0.289 | prior loss = 1.206 | diffusion loss = 0.565

[2026-08-01 12:57:50,961][root][INFO] - Epoch 389: duration loss = 0.289 | prior loss = 1.206 | diffusion loss = 0.565

[2026-08-01 12:59:35,815][root][INFO] - Epoch 390: duration loss = 0.289 | prior loss = 1.206 | diffusion loss = 0.564

[2026-08-01 13:01:23,712][root][INFO] - Epoch 391: duration loss = 0.289 | prior loss = 1.206 | diffusion loss = 0.563

[2026-08-01 13:03:08,543][root][INFO] - Epoch 392: duration loss = 0.289 | prior loss = 1.206 | diffusion loss = 0.562

[2026-08-01 13:04:53,371][root][INFO] - Epoch 393: duration loss = 0.289 | prior loss = 1.206 | diffusion loss = 0.565

[2026-08-01 13:06:39,933][root][INFO] - Epoch 394: duration loss = 0.289 | prior loss = 1.206 | diffusion loss = 0.563

[2026-08-01 13:08:26,098][root][INFO] - Epoch 395: duration loss = 0.289 | prior loss = 1.206 | diffusion loss = 0.565

[2026-08-01 13:10:11,426][root][INFO] - Epoch 396: duration loss = 0.289 | prior loss = 1.206 | diffusion loss = 0.564

[2026-08-01 13:11:57,220][root][INFO] - Epoch 397: duration loss = 0.290 | prior loss = 1.206 | diffusion loss = 0.565

[2026-08-01 13:13:48,636][root][INFO] - Epoch 398: duration loss = 0.290 | prior loss = 1.206 | diffusion loss = 0.560

[2026-08-01 13:15:37,515][root][INFO] - Epoch 399: duration loss = 0.290 | prior loss = 1.207 | diffusion loss = 0.562

[2026-08-01 13:17:24,017][root][INFO] - Epoch 400: duration loss = 0.289 | prior loss = 1.206 | diffusion loss = 0.566

[2026-08-01 13:19:09,917][root][INFO] - Epoch 401: duration loss = 0.290 | prior loss = 1.206 | diffusion loss = 0.563

[2026-08-01 13:20:56,196][root][INFO] - Epoch 402: duration loss = 0.289 | prior loss = 1.206 | diffusion loss = 0.563

[2026-08-01 13:22:41,439][root][INFO] - Epoch 403: duration loss = 0.290 | prior loss = 1.206 | diffusion loss = 0.560

[2026-08-01 13:24:26,478][root][INFO] - Epoch 404: duration loss = 0.290 | prior loss = 1.206 | diffusion loss = 0.564

[2026-08-01 13:26:09,365][root][INFO] - Epoch 405: duration loss = 0.290 | prior loss = 1.206 | diffusion loss = 0.564

[2026-08-01 13:27:50,492][root][INFO] - Epoch 406: duration loss = 0.289 | prior loss = 1.206 | diffusion loss = 0.563

[2026-08-01 13:29:38,521][root][INFO] - Epoch 407: duration loss = 0.289 | prior loss = 1.206 | diffusion loss = 0.560

[2026-08-01 13:31:27,717][root][INFO] - Epoch 408: duration loss = 0.290 | prior loss = 1.206 | diffusion loss = 0.563

[2026-08-01 13:33:18,086][root][INFO] - Epoch 409: duration loss = 0.290 | prior loss = 1.206 | diffusion loss = 0.563

[2026-08-01 13:35:07,724][root][INFO] - Epoch 410: duration loss = 0.290 | prior loss = 1.206 | diffusion loss = 0.562

[2026-08-01 13:36:55,908][root][INFO] - Epoch 411: duration loss = 0.290 | prior loss = 1.206 | diffusion loss = 0.563

[2026-08-01 13:38:44,256][root][INFO] - Epoch 412: duration loss = 0.290 | prior loss = 1.206 | diffusion loss = 0.564

[2026-08-01 13:40:33,747][root][INFO] - Epoch 413: duration loss = 0.289 | prior loss = 1.206 | diffusion loss = 0.565

[2026-08-01 13:42:22,381][root][INFO] - Epoch 414: duration loss = 0.290 | prior loss = 1.206 | diffusion loss = 0.561

[2026-08-01 13:44:10,839][root][INFO] - Epoch 415: duration loss = 0.289 | prior loss = 1.206 | diffusion loss = 0.564

[2026-08-01 13:45:58,285][root][INFO] - Epoch 416: duration loss = 0.289 | prior loss = 1.205 | diffusion loss = 0.561

[2026-08-01 13:47:45,365][root][INFO] - Epoch 417: duration loss = 0.290 | prior loss = 1.205 | diffusion loss = 0.562

[2026-08-01 13:49:33,059][root][INFO] - Epoch 418: duration loss = 0.290 | prior loss = 1.206 | diffusion loss = 0.560

[2026-08-01 13:51:21,317][root][INFO] - Epoch 419: duration loss = 0.289 | prior loss = 1.206 | diffusion loss = 0.560

[2026-08-01 13:53:10,280][root][INFO] - Epoch 420: duration loss = 0.290 | prior loss = 1.206 | diffusion loss = 0.560

[2026-08-01 13:54:57,272][root][INFO] - Epoch 421: duration loss = 0.289 | prior loss = 1.206 | diffusion loss = 0.560

[2026-08-01 13:56:44,693][root][INFO] - Epoch 422: duration loss = 0.289 | prior loss = 1.206 | diffusion loss = 0.559

[2026-08-01 13:58:31,457][root][INFO] - Epoch 423: duration loss = 0.289 | prior loss = 1.206 | diffusion loss = 0.560

[2026-08-01 14:00:21,314][root][INFO] - Epoch 424: duration loss = 0.290 | prior loss = 1.206 | diffusion loss = 0.563

[2026-08-01 14:02:09,493][root][INFO] - Epoch 425: duration loss = 0.289 | prior loss = 1.206 | diffusion loss = 0.562

[2026-08-01 14:03:59,390][root][INFO] - Epoch 426: duration loss = 0.289 | prior loss = 1.206 | diffusion loss = 0.564

[2026-08-01 14:05:48,523][root][INFO] - Epoch 427: duration loss = 0.289 | prior loss = 1.206 | diffusion loss = 0.561

[2026-08-01 14:07:37,945][root][INFO] - Epoch 428: duration loss = 0.289 | prior loss = 1.206 | diffusion loss = 0.562

[2026-08-01 14:09:24,602][root][INFO] - Epoch 429: duration loss = 0.289 | prior loss = 1.206 | diffusion loss = 0.560

[2026-08-01 14:11:10,823][root][INFO] - Epoch 430: duration loss = 0.290 | prior loss = 1.206 | diffusion loss = 0.559

[2026-08-01 14:12:57,239][root][INFO] - Epoch 431: duration loss = 0.289 | prior loss = 1.206 | diffusion loss = 0.559

[2026-08-01 14:14:42,154][root][INFO] - Epoch 432: duration loss = 0.289 | prior loss = 1.206 | diffusion loss = 0.559

[2026-08-01 14:16:28,584][root][INFO] - Epoch 433: duration loss = 0.289 | prior loss = 1.206 | diffusion loss = 0.560

[2026-08-01 14:18:15,344][root][INFO] - Epoch 434: duration loss = 0.290 | prior loss = 1.206 | diffusion loss = 0.559

[2026-08-01 14:20:00,443][root][INFO] - Epoch 435: duration loss = 0.289 | prior loss = 1.206 | diffusion loss = 0.562

[2026-08-01 14:21:45,968][root][INFO] - Epoch 436: duration loss = 0.290 | prior loss = 1.206 | diffusion loss = 0.562

[2026-08-01 14:23:31,248][root][INFO] - Epoch 437: duration loss = 0.290 | prior loss = 1.206 | diffusion loss = 0.558

[2026-08-01 14:25:16,472][root][INFO] - Epoch 438: duration loss = 0.289 | prior loss = 1.206 | diffusion loss = 0.562

[2026-08-01 14:27:02,882][root][INFO] - Epoch 439: duration loss = 0.289 | prior loss = 1.206 | diffusion loss = 0.558

[2026-08-01 14:28:47,510][root][INFO] - Epoch 440: duration loss = 0.289 | prior loss = 1.206 | diffusion loss = 0.562

[2026-08-01 14:30:32,658][root][INFO] - Epoch 441: duration loss = 0.290 | prior loss = 1.206 | diffusion loss = 0.560

[2026-08-01 14:32:17,057][root][INFO] - Epoch 442: duration loss = 0.289 | prior loss = 1.206 | diffusion loss = 0.559

[2026-08-01 14:34:01,185][root][INFO] - Epoch 443: duration loss = 0.290 | prior loss = 1.206 | diffusion loss = 0.561

[2026-08-01 14:35:47,443][root][INFO] - Epoch 444: duration loss = 0.290 | prior loss = 1.206 | diffusion loss = 0.561

[2026-08-01 14:37:32,743][root][INFO] - Epoch 445: duration loss = 0.290 | prior loss = 1.206 | diffusion loss = 0.557

[2026-08-01 14:39:18,926][root][INFO] - Epoch 446: duration loss = 0.289 | prior loss = 1.206 | diffusion loss = 0.561

[2026-08-01 14:41:03,972][root][INFO] - Epoch 447: duration loss = 0.289 | prior loss = 1.206 | diffusion loss = 0.561

[2026-08-01 14:42:48,190][root][INFO] - Epoch 448: duration loss = 0.289 | prior loss = 1.206 | diffusion loss = 0.561

[2026-08-01 14:44:34,565][root][INFO] - Epoch 449: duration loss = 0.289 | prior loss = 1.206 | diffusion loss = 0.556

[2026-08-01 14:46:19,564][root][INFO] - Epoch 450: duration loss = 0.289 | prior loss = 1.206 | diffusion loss = 0.561

[2026-08-01 14:48:04,510][root][INFO] - Epoch 451: duration loss = 0.289 | prior loss = 1.206 | diffusion loss = 0.561

[2026-08-01 14:49:50,503][root][INFO] - Epoch 452: duration loss = 0.290 | prior loss = 1.206 | diffusion loss = 0.560

[2026-08-01 14:51:37,101][root][INFO] - Epoch 453: duration loss = 0.290 | prior loss = 1.206 | diffusion loss = 0.560

[2026-08-01 14:53:22,173][root][INFO] - Epoch 454: duration loss = 0.290 | prior loss = 1.206 | diffusion loss = 0.558

[2026-08-01 14:55:08,809][root][INFO] - Epoch 455: duration loss = 0.289 | prior loss = 1.206 | diffusion loss = 0.560

[2026-08-01 14:56:54,743][root][INFO] - Epoch 456: duration loss = 0.289 | prior loss = 1.206 | diffusion loss = 0.559

[2026-08-01 14:58:39,844][root][INFO] - Epoch 457: duration loss = 0.289 | prior loss = 1.206 | diffusion loss = 0.563

[2026-08-01 15:00:24,729][root][INFO] - Epoch 458: duration loss = 0.290 | prior loss = 1.206 | diffusion loss = 0.560

[2026-08-01 15:02:10,737][root][INFO] - Epoch 459: duration loss = 0.289 | prior loss = 1.206 | diffusion loss = 0.561

[2026-08-01 15:03:57,078][root][INFO] - Epoch 460: duration loss = 0.290 | prior loss = 1.206 | diffusion loss = 0.562

[2026-08-01 15:05:42,609][root][INFO] - Epoch 461: duration loss = 0.290 | prior loss = 1.207 | diffusion loss = 0.563

[2026-08-01 15:07:29,242][root][INFO] - Epoch 462: duration loss = 0.290 | prior loss = 1.206 | diffusion loss = 0.560

[2026-08-01 15:09:15,939][root][INFO] - Epoch 463: duration loss = 0.289 | prior loss = 1.206 | diffusion loss = 0.561

[2026-08-01 15:11:03,172][root][INFO] - Epoch 464: duration loss = 0.290 | prior loss = 1.206 | diffusion loss = 0.561

[2026-08-01 15:12:50,895][root][INFO] - Epoch 465: duration loss = 0.290 | prior loss = 1.206 | diffusion loss = 0.556

[2026-08-01 15:14:38,955][root][INFO] - Epoch 466: duration loss = 0.290 | prior loss = 1.206 | diffusion loss = 0.558

[2026-08-01 15:16:26,656][root][INFO] - Epoch 467: duration loss = 0.290 | prior loss = 1.206 | diffusion loss = 0.560

[2026-08-01 15:18:15,641][root][INFO] - Epoch 468: duration loss = 0.289 | prior loss = 1.206 | diffusion loss = 0.559

[2026-08-01 15:20:04,187][root][INFO] - Epoch 469: duration loss = 0.290 | prior loss = 1.206 | diffusion loss = 0.559

[2026-08-01 15:21:53,751][root][INFO] - Epoch 470: duration loss = 0.289 | prior loss = 1.206 | diffusion loss = 0.564

[2026-08-01 15:23:42,668][root][INFO] - Epoch 471: duration loss = 0.289 | prior loss = 1.206 | diffusion loss = 0.557

[2026-08-01 15:25:30,334][root][INFO] - Epoch 472: duration loss = 0.290 | prior loss = 1.206 | diffusion loss = 0.560

[2026-08-01 15:27:16,536][root][INFO] - Epoch 473: duration loss = 0.289 | prior loss = 1.206 | diffusion loss = 0.561

[2026-08-01 15:29:02,057][root][INFO] - Epoch 474: duration loss = 0.289 | prior loss = 1.206 | diffusion loss = 0.559

[2026-08-01 15:30:47,127][root][INFO] - Epoch 475: duration loss = 0.289 | prior loss = 1.207 | diffusion loss = 0.559

[2026-08-01 15:32:31,984][root][INFO] - Epoch 476: duration loss = 0.289 | prior loss = 1.206 | diffusion loss = 0.559

[2026-08-01 15:34:16,292][root][INFO] - Epoch 477: duration loss = 0.289 | prior loss = 1.206 | diffusion loss = 0.557

[2026-08-01 15:36:00,756][root][INFO] - Epoch 478: duration loss = 0.290 | prior loss = 1.206 | diffusion loss = 0.560

[2026-08-01 15:37:45,753][root][INFO] - Epoch 479: duration loss = 0.289 | prior loss = 1.206 | diffusion loss = 0.561

[2026-08-01 15:39:30,726][root][INFO] - Epoch 480: duration loss = 0.289 | prior loss = 1.206 | diffusion loss = 0.558

[2026-08-01 15:41:15,281][root][INFO] - Epoch 481: duration loss = 0.289 | prior loss = 1.206 | diffusion loss = 0.559

[2026-08-01 15:42:59,451][root][INFO] - Epoch 482: duration loss = 0.290 | prior loss = 1.206 | diffusion loss = 0.558

[2026-08-01 15:44:44,576][root][INFO] - Epoch 483: duration loss = 0.289 | prior loss = 1.206 | diffusion loss = 0.563

[2026-08-01 15:46:28,659][root][INFO] - Epoch 484: duration loss = 0.289 | prior loss = 1.205 | diffusion loss = 0.562

[2026-08-01 15:48:12,662][root][INFO] - Epoch 485: duration loss = 0.289 | prior loss = 1.206 | diffusion loss = 0.559

[2026-08-01 15:49:57,888][root][INFO] - Epoch 486: duration loss = 0.290 | prior loss = 1.206 | diffusion loss = 0.557

[2026-08-01 15:51:43,219][root][INFO] - Epoch 487: duration loss = 0.289 | prior loss = 1.206 | diffusion loss = 0.556

[2026-08-01 15:53:27,952][root][INFO] - Epoch 488: duration loss = 0.289 | prior loss = 1.206 | diffusion loss = 0.559

[2026-08-01 15:55:12,767][root][INFO] - Epoch 489: duration loss = 0.290 | prior loss = 1.206 | diffusion loss = 0.558

[2026-08-01 15:57:12,736][root][INFO] - Epoch 490: duration loss = 0.289 | prior loss = 1.206 | diffusion loss = 0.558

[2026-08-01 15:58:56,309][root][INFO] - Epoch 491: duration loss = 0.290 | prior loss = 1.206 | diffusion loss = 0.559

[2026-08-01 16:00:40,577][root][INFO] - Epoch 492: duration loss = 0.289 | prior loss = 1.206 | diffusion loss = 0.559

[2026-08-01 16:02:25,462][root][INFO] - Epoch 493: duration loss = 0.290 | prior loss = 1.206 | diffusion loss = 0.560

[2026-08-01 16:04:10,769][root][INFO] - Epoch 494: duration loss = 0.289 | prior loss = 1.206 | diffusion loss = 0.560

[2026-08-01 16:05:55,630][root][INFO] - Epoch 495: duration loss = 0.289 | prior loss = 1.206 | diffusion loss = 0.557

[2026-08-01 16:07:40,049][root][INFO] - Epoch 496: duration loss = 0.289 | prior loss = 1.206 | diffusion loss = 0.561

[2026-08-01 16:09:25,904][root][INFO] - Epoch 497: duration loss = 0.289 | prior loss = 1.206 | diffusion loss = 0.555

[2026-08-01 16:11:10,444][root][INFO] - Epoch 498: duration loss = 0.289 | prior loss = 1.206 | diffusion loss = 0.556

[2026-08-01 16:12:54,355][root][INFO] - Epoch 499: duration loss = 0.289 | prior loss = 1.206 | diffusion loss = 0.558

[2026-08-01 16:14:47,522][root][INFO] - Epoch 500: duration loss = 0.286 | prior loss = 1.204 | diffusion loss = 0.559

[2026-08-01 16:16:40,198][root][INFO] - Epoch 501: duration loss = 0.284 | prior loss = 1.202 | diffusion loss = 0.557

[2026-08-01 16:18:34,034][root][INFO] - Epoch 502: duration loss = 0.283 | prior loss = 1.202 | diffusion loss = 0.558

[2026-08-01 16:20:27,707][root][INFO] - Epoch 503: duration loss = 0.283 | prior loss = 1.201 | diffusion loss = 0.558

[2026-08-01 16:22:21,116][root][INFO] - Epoch 504: duration loss = 0.283 | prior loss = 1.201 | diffusion loss = 0.557

[2026-08-01 16:24:13,731][root][INFO] - Epoch 505: duration loss = 0.282 | prior loss = 1.200 | diffusion loss = 0.556

[2026-08-01 16:26:06,122][root][INFO] - Epoch 506: duration loss = 0.282 | prior loss = 1.200 | diffusion loss = 0.556

[2026-08-01 16:27:59,769][root][INFO] - Epoch 507: duration loss = 0.282 | prior loss = 1.200 | diffusion loss = 0.556

[2026-08-01 16:29:52,453][root][INFO] - Epoch 508: duration loss = 0.282 | prior loss = 1.200 | diffusion loss = 0.555

[2026-08-01 16:31:46,090][root][INFO] - Epoch 509: duration loss = 0.282 | prior loss = 1.200 | diffusion loss = 0.558

[2026-08-01 16:33:40,235][root][INFO] - Epoch 510: duration loss = 0.281 | prior loss = 1.199 | diffusion loss = 0.559

[2026-08-01 16:35:32,972][root][INFO] - Epoch 511: duration loss = 0.281 | prior loss = 1.200 | diffusion loss = 0.556

[2026-08-01 16:37:26,798][root][INFO] - Epoch 512: duration loss = 0.280 | prior loss = 1.199 | diffusion loss = 0.554

[2026-08-01 16:39:19,098][root][INFO] - Epoch 513: duration loss = 0.281 | prior loss = 1.199 | diffusion loss = 0.555

[2026-08-01 16:41:12,607][root][INFO] - Epoch 514: duration loss = 0.281 | prior loss = 1.199 | diffusion loss = 0.558

[2026-08-01 16:43:05,357][root][INFO] - Epoch 515: duration loss = 0.281 | prior loss = 1.199 | diffusion loss = 0.556

[2026-08-01 16:44:58,220][root][INFO] - Epoch 516: duration loss = 0.280 | prior loss = 1.199 | diffusion loss = 0.555

[2026-08-01 16:46:51,764][root][INFO] - Epoch 517: duration loss = 0.281 | prior loss = 1.199 | diffusion loss = 0.556

[2026-08-01 16:48:44,326][root][INFO] - Epoch 518: duration loss = 0.280 | prior loss = 1.198 | diffusion loss = 0.555

[2026-08-01 16:50:37,388][root][INFO] - Epoch 519: duration loss = 0.280 | prior loss = 1.199 | diffusion loss = 0.556

[2026-08-01 16:52:29,326][root][INFO] - Epoch 520: duration loss = 0.280 | prior loss = 1.198 | diffusion loss = 0.556

[2026-08-01 16:54:21,722][root][INFO] - Epoch 521: duration loss = 0.280 | prior loss = 1.198 | diffusion loss = 0.556

[2026-08-01 16:56:14,442][root][INFO] - Epoch 522: duration loss = 0.280 | prior loss = 1.198 | diffusion loss = 0.556

[2026-08-01 16:58:06,517][root][INFO] - Epoch 523: duration loss = 0.280 | prior loss = 1.198 | diffusion loss = 0.555

[2026-08-01 16:59:59,504][root][INFO] - Epoch 524: duration loss = 0.280 | prior loss = 1.198 | diffusion loss = 0.556

[2026-08-01 17:01:52,440][root][INFO] - Epoch 525: duration loss = 0.280 | prior loss = 1.198 | diffusion loss = 0.558

[2026-08-01 17:03:45,725][root][INFO] - Epoch 526: duration loss = 0.280 | prior loss = 1.198 | diffusion loss = 0.555

[2026-08-01 17:05:37,754][root][INFO] - Epoch 527: duration loss = 0.280 | prior loss = 1.198 | diffusion loss = 0.552

[2026-08-01 17:07:30,611][root][INFO] - Epoch 528: duration loss = 0.279 | prior loss = 1.198 | diffusion loss = 0.557

[2026-08-01 17:09:22,826][root][INFO] - Epoch 529: duration loss = 0.279 | prior loss = 1.197 | diffusion loss = 0.557

[2026-08-01 17:11:25,617][root][INFO] - Epoch 530: duration loss = 0.280 | prior loss = 1.198 | diffusion loss = 0.551

[2026-08-01 17:13:18,770][root][INFO] - Epoch 531: duration loss = 0.279 | prior loss = 1.198 | diffusion loss = 0.553

[2026-08-01 17:15:10,881][root][INFO] - Epoch 532: duration loss = 0.280 | prior loss = 1.198 | diffusion loss = 0.554

[2026-08-01 17:17:03,328][root][INFO] - Epoch 533: duration loss = 0.279 | prior loss = 1.198 | diffusion loss = 0.556

[2026-08-01 17:18:56,724][root][INFO] - Epoch 534: duration loss = 0.279 | prior loss = 1.198 | diffusion loss = 0.552

[2026-08-01 17:20:49,993][root][INFO] - Epoch 535: duration loss = 0.279 | prior loss = 1.197 | diffusion loss = 0.556

[2026-08-01 17:22:42,708][root][INFO] - Epoch 536: duration loss = 0.279 | prior loss = 1.197 | diffusion loss = 0.553

[2026-08-01 17:24:35,491][root][INFO] - Epoch 537: duration loss = 0.279 | prior loss = 1.198 | diffusion loss = 0.552

[2026-08-01 17:26:28,549][root][INFO] - Epoch 538: duration loss = 0.279 | prior loss = 1.197 | diffusion loss = 0.553

[2026-08-01 17:28:20,337][root][INFO] - Epoch 539: duration loss = 0.279 | prior loss = 1.197 | diffusion loss = 0.556

[2026-08-01 17:30:12,798][root][INFO] - Epoch 540: duration loss = 0.278 | prior loss = 1.197 | diffusion loss = 0.555

[2026-08-01 17:32:05,607][root][INFO] - Epoch 541: duration loss = 0.279 | prior loss = 1.198 | diffusion loss = 0.552

[2026-08-01 17:33:56,756][root][INFO] - Epoch 542: duration loss = 0.279 | prior loss = 1.197 | diffusion loss = 0.555

[2026-08-01 17:35:48,778][root][INFO] - Epoch 543: duration loss = 0.279 | prior loss = 1.197 | diffusion loss = 0.555

[2026-08-01 17:37:41,139][root][INFO] - Epoch 544: duration loss = 0.279 | prior loss = 1.197 | diffusion loss = 0.554

[2026-08-01 17:39:33,837][root][INFO] - Epoch 545: duration loss = 0.279 | prior loss = 1.197 | diffusion loss = 0.557

[2026-08-01 17:41:27,175][root][INFO] - Epoch 546: duration loss = 0.278 | prior loss = 1.197 | diffusion loss = 0.554

[2026-08-01 17:43:18,679][root][INFO] - Epoch 547: duration loss = 0.279 | prior loss = 1.197 | diffusion loss = 0.555

[2026-08-01 17:45:10,587][root][INFO] - Epoch 548: duration loss = 0.279 | prior loss = 1.197 | diffusion loss = 0.554

[2026-08-01 17:47:02,879][root][INFO] - Epoch 549: duration loss = 0.278 | prior loss = 1.197 | diffusion loss = 0.555

[2026-08-01 17:48:55,707][root][INFO] - Epoch 550: duration loss = 0.278 | prior loss = 1.196 | diffusion loss = 0.554

[2026-08-01 17:50:48,570][root][INFO] - Epoch 551: duration loss = 0.279 | prior loss = 1.197 | diffusion loss = 0.554

[2026-08-01 17:52:41,839][root][INFO] - Epoch 552: duration loss = 0.278 | prior loss = 1.197 | diffusion loss = 0.550

[2026-08-01 17:54:35,238][root][INFO] - Epoch 553: duration loss = 0.278 | prior loss = 1.197 | diffusion loss = 0.554

[2026-08-01 17:56:28,694][root][INFO] - Epoch 554: duration loss = 0.278 | prior loss = 1.197 | diffusion loss = 0.553

[2026-08-01 17:58:23,073][root][INFO] - Epoch 555: duration loss = 0.278 | prior loss = 1.197 | diffusion loss = 0.554

[2026-08-01 18:00:16,017][root][INFO] - Epoch 556: duration loss = 0.278 | prior loss = 1.196 | diffusion loss = 0.555

[2026-08-01 18:02:08,783][root][INFO] - Epoch 557: duration loss = 0.278 | prior loss = 1.196 | diffusion loss = 0.551

[2026-08-01 18:04:02,191][root][INFO] - Epoch 558: duration loss = 0.278 | prior loss = 1.196 | diffusion loss = 0.553

[2026-08-01 18:05:54,379][root][INFO] - Epoch 559: duration loss = 0.278 | prior loss = 1.196 | diffusion loss = 0.551

[2026-08-01 18:07:47,952][root][INFO] - Epoch 560: duration loss = 0.278 | prior loss = 1.196 | diffusion loss = 0.555

[2026-08-01 18:09:40,587][root][INFO] - Epoch 561: duration loss = 0.278 | prior loss = 1.197 | diffusion loss = 0.550

[2026-08-01 18:11:33,235][root][INFO] - Epoch 562: duration loss = 0.278 | prior loss = 1.197 | diffusion loss = 0.552

[2026-08-01 18:13:27,287][root][INFO] - Epoch 563: duration loss = 0.278 | prior loss = 1.196 | diffusion loss = 0.550

[2026-08-01 18:15:20,486][root][INFO] - Epoch 564: duration loss = 0.278 | prior loss = 1.196 | diffusion loss = 0.554

[2026-08-01 18:17:12,603][root][INFO] - Epoch 565: duration loss = 0.278 | prior loss = 1.196 | diffusion loss = 0.552

[2026-08-01 18:19:06,011][root][INFO] - Epoch 566: duration loss = 0.278 | prior loss = 1.197 | diffusion loss = 0.554

[2026-08-01 18:20:58,967][root][INFO] - Epoch 567: duration loss = 0.278 | prior loss = 1.197 | diffusion loss = 0.554

[2026-08-01 18:22:52,463][root][INFO] - Epoch 568: duration loss = 0.278 | prior loss = 1.197 | diffusion loss = 0.553

[2026-08-01 18:24:53,163][root][INFO] - Epoch 569: duration loss = 0.277 | prior loss = 1.197 | diffusion loss = 0.551

[2026-08-01 18:26:46,678][root][INFO] - Epoch 570: duration loss = 0.277 | prior loss = 1.196 | diffusion loss = 0.552

[2026-08-01 18:28:39,724][root][INFO] - Epoch 571: duration loss = 0.278 | prior loss = 1.196 | diffusion loss = 0.553

[2026-08-01 18:30:32,712][root][INFO] - Epoch 572: duration loss = 0.277 | prior loss = 1.196 | diffusion loss = 0.554

[2026-08-01 18:32:26,430][root][INFO] - Epoch 573: duration loss = 0.277 | prior loss = 1.196 | diffusion loss = 0.555

[2026-08-01 18:34:20,066][root][INFO] - Epoch 574: duration loss = 0.278 | prior loss = 1.196 | diffusion loss = 0.553

[2026-08-01 18:36:13,859][root][INFO] - Epoch 575: duration loss = 0.277 | prior loss = 1.197 | diffusion loss = 0.551

[2026-08-01 18:38:07,575][root][INFO] - Epoch 576: duration loss = 0.278 | prior loss = 1.196 | diffusion loss = 0.553

[2026-08-01 18:40:01,863][root][INFO] - Epoch 577: duration loss = 0.278 | prior loss = 1.196 | diffusion loss = 0.553

[2026-08-01 18:41:54,799][root][INFO] - Epoch 578: duration loss = 0.277 | prior loss = 1.196 | diffusion loss = 0.553

[2026-08-01 18:43:48,655][root][INFO] - Epoch 579: duration loss = 0.278 | prior loss = 1.196 | diffusion loss = 0.554

[2026-08-01 18:45:43,285][root][INFO] - Epoch 580: duration loss = 0.277 | prior loss = 1.196 | diffusion loss = 0.552

[2026-08-01 18:47:37,136][root][INFO] - Epoch 581: duration loss = 0.277 | prior loss = 1.196 | diffusion loss = 0.550

[2026-08-01 18:49:31,843][root][INFO] - Epoch 582: duration loss = 0.278 | prior loss = 1.196 | diffusion loss = 0.551

[2026-08-01 18:51:24,705][root][INFO] - Epoch 583: duration loss = 0.277 | prior loss = 1.196 | diffusion loss = 0.551

[2026-08-01 18:53:18,550][root][INFO] - Epoch 584: duration loss = 0.277 | prior loss = 1.196 | diffusion loss = 0.554

[2026-08-01 18:55:12,387][root][INFO] - Epoch 585: duration loss = 0.278 | prior loss = 1.196 | diffusion loss = 0.553

[2026-08-01 18:57:06,625][root][INFO] - Epoch 586: duration loss = 0.278 | prior loss = 1.196 | diffusion loss = 0.553

[2026-08-01 18:59:00,014][root][INFO] - Epoch 587: duration loss = 0.278 | prior loss = 1.196 | diffusion loss = 0.552

[2026-08-01 19:00:53,370][root][INFO] - Epoch 588: duration loss = 0.277 | prior loss = 1.196 | diffusion loss = 0.555

[2026-08-01 19:02:47,267][root][INFO] - Epoch 589: duration loss = 0.277 | prior loss = 1.196 | diffusion loss = 0.549

[2026-08-01 19:04:40,829][root][INFO] - Epoch 590: duration loss = 0.277 | prior loss = 1.196 | diffusion loss = 0.554

[2026-08-01 19:06:35,120][root][INFO] - Epoch 591: duration loss = 0.277 | prior loss = 1.196 | diffusion loss = 0.551

[2026-08-01 19:08:29,100][root][INFO] - Epoch 592: duration loss = 0.277 | prior loss = 1.196 | diffusion loss = 0.552

[2026-08-01 19:10:22,312][root][INFO] - Epoch 593: duration loss = 0.277 | prior loss = 1.196 | diffusion loss = 0.550

[2026-08-01 19:12:15,879][root][INFO] - Epoch 594: duration loss = 0.277 | prior loss = 1.196 | diffusion loss = 0.552

[2026-08-01 19:14:09,487][root][INFO] - Epoch 595: duration loss = 0.277 | prior loss = 1.195 | diffusion loss = 0.549

[2026-08-01 19:16:01,218][root][INFO] - Epoch 596: duration loss = 0.277 | prior loss = 1.196 | diffusion loss = 0.550

[2026-08-01 19:17:53,391][root][INFO] - Epoch 597: duration loss = 0.277 | prior loss = 1.195 | diffusion loss = 0.550

[2026-08-01 19:19:46,518][root][INFO] - Epoch 598: duration loss = 0.277 | prior loss = 1.196 | diffusion loss = 0.551

[2026-08-01 19:21:39,881][root][INFO] - Epoch 599: duration loss = 0.277 | prior loss = 1.195 | diffusion loss = 0.552

